Workbook

Sheet source matrix sap
A1: Country Grouping | B1: Country | D1: Machine Line | E1: Primary Source | F1: Secondary source | G1: CRP source | H1: Change Indicator
A2: EUC | B2: Rest of Europe Central | C2: 300 | D2: Compact Excavators | E2: FIL | G2: CEE
A3: EUC | B3: Rest of Europe Central | C3: 310 | D3: GPE Crawler Excavators | E3: FIL | G3: CEE
A4: EUC | B4: Rest of Europe Central | C4: 320 | D4: GPE Wheel Excavators | E4: FIL | G4: CEE
A5: EUC | B5: Rest of Europe Central | C5: 330 | D5: Articulated Haulers | E5: FIL | G5: CEE
A6: EUC | B6: Rest of Europe Central | C6: 340 | D6: Rigid Haulers | E6: FIL | G6: CEE
A7: EUC | B7: Rest of Europe Central | C7: 350 | D7: Compact Wheel Loaders | E7: FIL | G7: CEE
A8: EUC | B8: Rest of Europe Central | C8: 360 | D8: GPE Wheel Loaders | E8: FIL | G8: CEE
A9: EUC | B9: Rest of Europe Central | C9: 380 | D9: Motor Graders | E9: FIL | G9: CEE
A10: EUC | B10: Rest of Europe Central | C10: 390 | D10: Compaction Machines | E10: FIL
A11: EUC | B11: Rest of Europe Central | C11: 400 | D11: Paving Machines | E11: FIL | G11: HVE
A12: EUC | B12: Rest of Europe Central | C12: 410 | D12: Backhoe Loaders | E12: FIL | G12: CEE
A13: EUC | B13: Rest of Europe Central | C13: 420 | D13: Skid Steer Loaders | E13: FIL
A14: EUNW | B14: Rest of Europe North | C14: 300 | D14: Compact Excavators | E14: FIL | G14: CEE
A15: EUNW | B15: Rest of Europe North | C15: 310 | D15: GPE Crawler Excavators | E15: FIL | G15: CEE
A16: EUNW | B16: Rest of Europe North | C16: 320 | D16: GPE Wheel Excavators | E16: FIL | G16: CEE
A17: EUNW | B17: Rest of Europe North | C17: 330 | D17: Articulated Haulers | E17: FIL | G17: CEE
A18: EUNW | B18: Rest of Europe North | C18: 340 | D18: Rigid Haulers | E18: FIL | G18: CEE
A19: EUNW | B19: Rest of Europe North | C19: 350 | D19: Compact Wheel Loaders | E19: FIL | G19: CEE
A20: EUNW | B20: Rest of Europe North | C20: 360 | D20: GPE Wheel Loaders | E20: FIL | G20: CEE
A21: EUNW | B21: Rest of Europe North | C21: 380 | D21: Motor Graders | E21: FIL | G21: CEE
A22: EUNW | B22: Rest of Europe North | C22: 390 | D22: Compaction Machines | E22: FIL
A23: EUNW | B23: Rest of Europe North | C23: 400 | D23: Paving Machines | E23: FIL | G23: HVE
A24: EUNW | B24: Rest of Europe North | C24: 410 | D24: Backhoe Loaders | E24: FIL | G24: CEE
A25: EUNW | B25: Rest of Europe North | C25: 420 | D25: Skid Steer Loaders | E25: FIL
A26: EUS | B26: Rest of Europe South | C26: 300 | D26: Compact Excavators | E26: FIL | G26: CEE
A27: EUS | B27: Rest of Europe South | C27: 310 | D27: GPE Crawler Excavators | E27: FIL | G27: CEE
A28: EUS | B28: Rest of Europe South | C28: 320 | D28: GPE Wheel Excavators | E28: FIL | G28: CEE
A29: EUS | B29: Rest of Europe South | C29: 330 | D29: Articulated Haulers | E29: FIL | G29: CEE
A30: EUS | B30: Rest of Europe South | C30: 340 | D30: Rigid Haulers | E30: FIL | G30: CEE
A31: EUS | B31: Rest of Europe South | C31: 350 | D31: Compact Wheel Loaders | E31: FIL | G31: CEE
A32: EUS | B32: Rest of Europe South | C32: 360 | D32: GPE Wheel Loaders | E32: FIL | G32: CEE
A33: EUS | B33: Rest of Europe South | C33: 380 | D33: Motor Graders | E33: FIL | G33: CEE
A34: EUS | B34: Rest of Europe South | C34: 390 | D34: Compaction Machines | E34: FIL
A35: EUS | B35: Rest of Europe South | C35: 400 | D35: Paving Machines | E35: FIL | G35: HVE
A36: EUS | B36: Rest of Europe South | C36: 410 | D36: Backhoe Loaders | E36: FIL | G36: CEE
A37: EUS | B37: Rest of Europe South | C37: 420 | D37: Skid Steer Loaders | E37: FIL
A38: GAE | B38: UAE | C38: 300 | D38: Compact Excavators | E38: FIL | G38: HVE
A39: GAE | B39: UAE | C39: 310 | D39: GPE Crawler Excavators | E39: FIL | G39: HVE
A40: GAE | B40: UAE | C40: 320 | D40: GPE Wheel Excavators | E40: FIL | G40: HVE
A41: GAE | B41: UAE | C41: 330 | D41: Articulated Haulers | E41: FIL | G41: HVE
A42: GAE | B42: UAE | C42: 340 | D42: Rigid Haulers | E42: FIL | G42: HVE
A43: GAE | B43: UAE | C43: 350 | D43: Compact Wheel Loaders | E43: FIL | G43: HVE
A44: GAE | B44: UAE | C44: 360 | D44: GPE Wheel Loaders | E44: FIL | G44: HVE
A45: GAE | B45: UAE | C45: 380 | D45: Motor Graders | E45: FIL | G45: HVE
A46: GAE | B46: UAE | C46: 390 | D46: Compaction Machines | E46: FIL
A47: GAE | B47: UAE | C47: 400 | D47: Paving Machines | E47: FIL | G47: HVE
A48: GAE | B48: UAE | C48: 410 | D48: Backhoe Loaders | E48: FIL | G48: HVE
A49: GAE | B49: UAE | C49: 420 | D49: Skid Steer Loaders | E49: FIL
A50: GAR | B50: Argentina | C50: 300 | D50: Compact Excavators | E50: FIL | G50: HVE
A51: GAR | B51: Argentina | C51: 310 | D51: GPE Crawler Excavators | E51: FIL | G51: HVE
A52: GAR | B52: Argentina | C52: 320 | D52: GPE Wheel Excavators | E52: FIL | G52: HVE
A53: GAR | B53: Argentina | C53: 330 | D53: Articulated Haulers | E53: FIL | G53: HVE
A54: GAR | B54: Argentina | C54: 340 | D54: Rigid Haulers | E54: FIL | G54: HVE
A55: GAR | B55: Argentina | C55: 350 | D55: Compact Wheel Loaders | E55: FIL | G55: HVE
A56: GAR | B56: Argentina | C56: 360 | D56: GPE Wheel Loaders | E56: FIL | G56: HVE
A57: GAR | B57: Argentina | C57: 380 | D57: Motor Graders | E57: FIL | G57: HVE
A58: GAR | B58: Argentina | C58: 390 | D58: Compaction Machines | E58: FIL
A59: GAR | B59: Argentina | C59: 400 | D59: Paving Machines | E59: FIL | G59: HVE
A60: GAR | B60: Argentina | C60: 410 | D60: Backhoe Loaders | E60: FIL | G60: HVE
A61: GAR | B61: Argentina | C61: 420 | D61: Skid Steer Loaders | E61: FIL
A62: GAT | B62: Austria | C62: 300 | D62: Compact Excavators | E62: FIL | G62: CEE
A63: GAT | B63: Austria | C63: 310 | D63: GPE Crawler Excavators | E63: FIL | G63: CEE
A64: GAT | B64: Austria | C64: 320 | D64: GPE Wheel Excavators | E64: FIL | G64: CEE
A65: GAT | B65: Austria | C65: 330 | D65: Articulated Haulers | E65: FIL | G65: CEE
A66: GAT | B66: Austria | C66: 340 | D66: Rigid Haulers | E66: FIL | G66: CEE
A67: GAT | B67: Austria | C67: 350 | D67: Compact Wheel Loaders | E67: FIL | G67: CEE
A68: GAT | B68: Austria | C68: 360 | D68: GPE Wheel Loaders | E68: FIL | G68: CEE
A69: GAT | B69: Austria | C69: 380 | D69: Motor Graders | E69: FIL | G69: CEE
A70: GAT | B70: Austria | C70: 390 | D70: Compaction Machines | E70: FIL
A71: GAT | B71: Austria | C71: 400 | D71: Paving Machines | E71: FIL | G71: HVE
A72: GAT | B72: Austria | C72: 410 | D72: Backhoe Loaders | E72: FIL | G72: CEE
A73: GAT | B73: Austria | C73: 420 | D73: Skid Steer Loaders | E73: FIL
A74: GAU | B74: Australia | C74: 300 | D74: Compact Excavators | E74: FIL | G74: HVE
A75: GAU | B75: Australia | C75: 310 | D75: GPE Crawler Excavators | E75: FIL | G75: HVE
A76: GAU | B76: Australia | C76: 320 | D76: GPE Wheel Excavators | E76: FIL | G76: HVE
A77: GAU | B77: Australia | C77: 330 | D77: Articulated Haulers | E77: FIL | G77: HVE
A78: GAU | B78: Australia | C78: 340 | D78: Rigid Haulers | E78: FIL | G78: HVE
A79: GAU | B79: Australia | C79: 350 | D79: Compact Wheel Loaders | E79: FIL | G79: HVE
A80: GAU | B80: Australia | C80: 360 | D80: GPE Wheel Loaders | E80: FIL | G80: HVE
A81: GAU | B81: Australia | C81: 380 | D81: Motor Graders | E81: FIL | G81: HVE
A82: GAU | B82: Australia | C82: 390 | D82: Compaction Machines | E82: FIL
A83: GAU | B83: Australia | C83: 400 | D83: Paving Machines | E83: FIL | G83: HVE
A84: GAU | B84: Australia | C84: 410 | D84: Backhoe Loaders | E84: FIL | G84: HVE
A85: GAU | B85: Australia | C85: 420 | D85: Skid Steer Loaders | E85: FIL
A86: GBD | B86: Bangladesh | C86: 300 | D86: Compact Excavators | E86: FIL | G86: HVE
A87: GBD | B87: Bangladesh | C87: 310 | D87: GPE Crawler Excavators | E87: FIL | G87: HVE
A88: GBD | B88: Bangladesh | C88: 320 | D88: GPE Wheel Excavators | E88: FIL | G88: HVE
A89: GBD | B89: Bangladesh | C89: 330 | D89: Articulated Haulers | E89: FIL | G89: HVE
A90: GBD | B90: Bangladesh | C90: 340 | D90: Rigid Haulers | E90: FIL | G90: HVE
A91: GBD | B91: Bangladesh | C91: 350 | D91: Compact Wheel Loaders | E91: FIL | G91: HVE
A92: GBD | B92: Bangladesh | C92: 360 | D92: GPE Wheel Loaders | E92: FIL | G92: HVE
A93: GBD | B93: Bangladesh | C93: 380 | D93: Motor Graders | E93: FIL | G93: HVE
A94: GBD | B94: Bangladesh | C94: 390 | D94: Compaction Machines | E94: FIL
A95: GBD | B95: Bangladesh | C95: 400 | D95: Paving Machines | E95: FIL | G95: HVE
A96: GBD | B96: Bangladesh | C96: 410 | D96: Backhoe Loaders | E96: FIL | G96: HVE
A97: GBD | B97: Bangladesh | C97: 420 | D97: Skid Steer Loaders | E97: FIL
A98: GBE | B98: Belgium | C98: 300 | D98: Compact Excavators | E98: FIL | G98: CEE
A99: GBE | B99: Belgium | C99: 310 | D99: GPE Crawler Excavators | E99: FIL | G99: CEE
A100: GBE | B100: Belgium | C100: 320 | D100: GPE Wheel Excavators | E100: FIL | G100: CEE
...

Sheet source matrix 2024
A1: country_grouping | B1: country_name | C1: machine_line_code | D1: machine_line_name | E1: Artificial machine line | F1: primary_source | G1: secondary_source | H1: crp_source | I1: change_indicator
A2: GCR | B2: Costa Rica | C2: 300 | D2: Compact Excavators | E2: CEX | F2: PIN | H2: HVE
A3: GCR | B3: Costa Rica | C3: 310 | D3: GPE Crawler Excavators | E3: GEC | F3: PIN | H3: HVE
A4: GCR | B4: Costa Rica | C4: 320 | D4: GPE Wheel Excavators | E4: GEW | F4: PIN | H4: HVE
A5: GCR | B5: Costa Rica | C5: 330 | D5: Articulated Haulers | E5: Articulated Haulers | F5: PIN | H5: HVE
A6: GCR | B6: Costa Rica | C6: 340 | D6: Rigid Haulers | E6: Rigid Haulers | F6: PIN | H6: HVE
A7: GCR | B7: Costa Rica | C7: 350 | D7: Compact Wheel Loaders | E7: WLO | F7: PIN | H7: HVE
A8: GCR | B8: Costa Rica | C8: 360 | D8: GPE Wheel Loaders | E8: WLO | F8: PIN | H8: HVE
A9: GCR | B9: Costa Rica | C9: 380 | D9: Motor Graders | E9: Motor Graders | F9: PIN | H9: HVE
A10: GCR | B10: Costa Rica | C10: 390 | D10: Compaction Machines | E10: Compaction Machines | F10: PIN
A11: GCR | B11: Costa Rica | C11: 410 | D11: Backhoe Loaders | E11: Backhoe Loaders | F11: PIN
A12: GEC | B12: Ecuador | C12: 300 | D12: Compact Excavators | E12: CEX | F12: PIN | H12: HVE
A13: GEC | B13: Ecuador | C13: 310 | D13: GPE Crawler Excavators | E13: GEC | F13: PIN | H13: HVE
A14: GEC | B14: Ecuador | C14: 320 | D14: GPE Wheel Excavators | E14: GEW | F14: PIN | H14: HVE
A15: GEC | B15: Ecuador | C15: 330 | D15: Articulated Haulers | E15: Articulated Haulers | F15: PIN | H15: HVE
A16: GEC | B16: Ecuador | C16: 340 | D16: Rigid Haulers | E16: Rigid Haulers | F16: PIN | H16: HVE
A17: GEC | B17: Ecuador | C17: 350 | D17: Compact Wheel Loaders | E17: WLO | F17: PIN | H17: HVE
A18: GEC | B18: Ecuador | C18: 360 | D18: GPE Wheel Loaders | E18: WLO | F18: PIN | H18: HVE
A19: GEC | B19: Ecuador | C19: 380 | D19: Motor Graders | E19: Motor Graders | F19: PIN | H19: HVE
A20: GEC | B20: Ecuador | C20: 390 | D20: Compaction Machines | E20: Compaction Machines | F20: PIN
A21: GEC | B21: Ecuador | C21: 410 | D21: Backhoe Loaders | E21: Backhoe Loaders | F21: PIN
A22: GGR | B22: Greece | C22: 300 | D22: Compact Excavators | E22: CEX | F22: OHR | H22: CEE
A23: GGR | B23: Greece | C23: 310 | D23: GPE Crawler Excavators | E23: GEC | F23: OHR | H23: CEE
A24: GGR | B24: Greece | C24: 320 | D24: GPE Wheel Excavators | E24: GEW | F24: OHR | H24: CEE
A25: GGR | B25: Greece | C25: 330 | D25: Articulated Haulers | E25: Articulated Haulers | F25: OHR | H25: CEE
A26: GGR | B26: Greece | C26: 340 | D26: Rigid Haulers | E26: Rigid Haulers | F26: OHR | H26: CEE
A27: GGR | B27: Greece | C27: 350 | D27: Compact Wheel Loaders | E27: WLO | F27: OHR | H27: CEE
A28: GGR | B28: Greece | C28: 360 | D28: GPE Wheel Loaders | E28: WLO | F28: OHR | H28: CEE
A29: GGR | B29: Greece | C29: 380 | D29: Motor Graders | E29: Motor Graders | F29: OHR | H29: CEE
A30: GGR | B30: Greece | C30: 390 | D30: Compaction Machines | E30: Compaction Machines
A31: GGT | B31: Guatemala | C31: 300 | D31: Compact Excavators | E31: CEX | F31: PIN | H31: HVE
A32: GGT | B32: Guatemala | C32: 310 | D32: GPE Crawler Excavators | E32: GEC | F32: PIN | H32: HVE
A33: GGT | B33: Guatemala | C33: 320 | D33: GPE Wheel Excavators | E33: GEW | F33: PIN | H33: HVE
A34: GGT | B34: Guatemala | C34: 330 | D34: Articulated Haulers | E34: Articulated Haulers | F34: PIN | H34: HVE
A35: GGT | B35: Guatemala | C35: 340 | D35: Rigid Haulers | E35: Rigid Haulers | F35: PIN | H35: HVE
A36: GGT | B36: Guatemala | C36: 350 | D36: Compact Wheel Loaders | E36: WLO | F36: PIN | H36: HVE
A37: GGT | B37: Guatemala | C37: 360 | D37: GPE Wheel Loaders | E37: WLO | F37: PIN | H37: HVE
A38: GGT | B38: Guatemala | C38: 380 | D38: Motor Graders | E38: Motor Graders | F38: PIN | H38: HVE
A39: GGT | B39: Guatemala | C39: 390 | D39: Compaction Machines | E39: Compaction Machines | F39: PIN
A40: GGT | B40: Guatemala | C40: 410 | D40: Backhoe Loaders | E40: Backhoe Loaders | F40: PIN
A41: GNI | B41: Nicaragua | C41: 300 | D41: Compact Excavators | E41: CEX | F41: PIN | H41: HVE
A42: GNI | B42: Nicaragua | C42: 310 | D42: GPE Crawler Excavators | E42: GEC | F42: PIN | H42: HVE
A43: GNI | B43: Nicaragua | C43: 320 | D43: GPE Wheel Excavators | E43: GEW | F43: PIN | H43: HVE
A44: GNI | B44: Nicaragua | C44: 330 | D44: Articulated Haulers | E44: Articulated Haulers | F44: PIN | H44: HVE
A45: GNI | B45: Nicaragua | C45: 340 | D45: Rigid Haulers | E45: Rigid Haulers | F45: PIN | H45: HVE
A46: GNI | B46: Nicaragua | C46: 350 | D46: Compact Wheel Loaders | E46: WLO | F46: PIN | H46: HVE
A47: GNI | B47: Nicaragua | C47: 360 | D47: GPE Wheel Loaders | E47: WLO | F47: PIN | H47: HVE
A48: GNI | B48: Nicaragua | C48: 380 | D48: Motor Graders | E48: Motor Graders | F48: PIN | H48: HVE
A49: GNI | B49: Nicaragua | C49: 390 | D49: Compaction Machines | E49: Compaction Machines | F49: PIN
A50: GNI | B50: Nicaragua | C50: 410 | D50: Backhoe Loaders | E50: Backhoe Loaders | F50: PIN
A51: GPA | B51: Panama | C51: 300 | D51: Compact Excavators | E51: CEX | F51: PIN | H51: HVE
A52: GPA | B52: Panama | C52: 310 | D52: GPE Crawler Excavators | E52: GEC | F52: PIN | H52: HVE
A53: GPA | B53: Panama | C53: 320 | D53: GPE Wheel Excavators | E53: GEW | F53: PIN | H53: HVE
A54: GPA | B54: Panama | C54: 330 | D54: Articulated Haulers | E54: Articulated Haulers | F54: PIN | H54: HVE
A55: GPA | B55: Panama | C55: 340 | D55: Rigid Haulers | E55: Rigid Haulers | F55: PIN | H55: HVE
A56: GPA | B56: Panama | C56: 350 | D56: Compact Wheel Loaders | E56: WLO | F56: PIN | H56: HVE
A57: GPA | B57: Panama | C57: 360 | D57: GPE Wheel Loaders | E57: WLO | F57: PIN | H57: HVE
A58: GPA | B58: Panama | C58: 380 | D58: Motor Graders | E58: Motor Graders | F58: PIN | H58: HVE
A59: GPA | B59: Panama | C59: 390 | D59: Compaction Machines | E59: Compaction Machines | F59: PIN
A60: GPA | B60: Panama | C60: 410 | D60: Backhoe Loaders | E60: Backhoe Loaders | F60: PIN
A61: GPY | B61: Paraguay | C61: 300 | D61: Compact Excavators | E61: CEX | F61: PIN | H61: HVE
A62: GPY | B62: Paraguay | C62: 310 | D62: GPE Crawler Excavators | E62: GEC | F62: PIN | H62: HVE
A63: GPY | B63: Paraguay | C63: 320 | D63: GPE Wheel Excavators | E63: GEW | F63: PIN | H63: HVE
A64: GPY | B64: Paraguay | C64: 330 | D64: Articulated Haulers | E64: Articulated Haulers | F64: PIN | H64: HVE
A65: GPY | B65: Paraguay | C65: 340 | D65: Rigid Haulers | E65: Rigid Haulers | F65: PIN | H65: HVE
A66: GPY | B66: Paraguay | C66: 350 | D66: Compact Wheel Loaders | E66: WLO | F66: PIN | H66: HVE
A67: GPY | B67: Paraguay | C67: 360 | D67: GPE Wheel Loaders | E67: WLO | F67: PIN | H67: HVE
A68: GPY | B68: Paraguay | C68: 380 | D68: Motor Graders | E68: Motor Graders | F68: PIN | H68: HVE
A69: GPY | B69: Paraguay | C69: 390 | D69: Compaction Machines | E69: Compaction Machines | F69: PIN
A70: GPY | B70: Paraguay | C70: 410 | D70: Backhoe Loaders | E70: Backhoe Loaders | F70: PIN
A71: GUY | B71: Uruguay | C71: 300 | D71: Compact Excavators | E71: CEX | F71: PIN | H71: HVE
A72: GUY | B72: Uruguay | C72: 310 | D72: GPE Crawler Excavators | E72: GEC | F72: PIN | H72: HVE
A73: GUY | B73: Uruguay | C73: 320 | D73: GPE Wheel Excavators | E73: GEW | F73: PIN | H73: HVE
A74: GUY | B74: Uruguay | C74: 330 | D74: Articulated Haulers | E74: Articulated Haulers | F74: PIN | H74: HVE
A75: GUY | B75: Uruguay | C75: 340 | D75: Rigid Haulers | E75: Rigid Haulers | F75: PIN | H75: HVE
A76: GUY | B76: Uruguay | C76: 350 | D76: Compact Wheel Loaders | E76: WLO | F76: PIN | H76: HVE
A77: GUY | B77: Uruguay | C77: 360 | D77: GPE Wheel Loaders | E77: WLO | F77: PIN | H77: HVE
A78: GUY | B78: Uruguay | C78: 380 | D78: Motor Graders | E78: Motor Graders | F78: PIN | H78: HVE
A79: GUY | B79: Uruguay | C79: 390 | D79: Compaction Machines | E79: Compaction Machines | F79: PIN
A80: GUY | B80: Uruguay | C80: 410 | D80: Backhoe Loaders | E80: Backhoe Loaders | F80: PIN
A81: GTL | B81: Timor-Leste | C81: 330 | D81: Articulated Haulers | E81: Articulated Haulers | F81: DES | H81: HVE
A82: GTL | B82: Timor-Leste | C82: 410 | D82: Backhoe Loaders | E82: Backhoe Loaders | F82: DES
A83: GTL | B83: Timor-Leste | C83: 300 | D83: Compact Excavators | E83: CEX | F83: DES | H83: HVE
A84: GTL | B84: Timor-Leste | C84: 350 | D84: Compact Wheel Loaders | E84: WLO | F84: DES | H84: HVE
A85: GTL | B85: Timor-Leste | C85: 310 | D85: GPE Crawler Excavators | E85: GEC | F85: DES | H85: HVE
A86: GTL | B86: Timor-Leste | C86: 320 | D86: GPE Wheel Excavators | E86: GEW | F86: DES | H86: HVE
A87: GTL | B87: Timor-Leste | C87: 360 | D87: GPE Wheel Loaders | E87: WLO | F87: DES | H87: HVE
A88: GTL | B88: Timor-Leste | C88: 380 | D88: Motor Graders | E88: Motor Graders | F88: DES | H88: HVE
A89: GTL | B89: Timor-Leste | C89: 390 | D89: Compaction Machines | E89: Compaction Machines | F89: DES
A90: GTL | B90: Timor-Leste | C90: 340 | D90: Rigid Haulers | E90: Rigid Haulers | F90: DES | H90: HVE
A91: GBN | B91: Brunei Darussa | C91: 330 | D91: Articulated Haulers | E91: Articulated Haulers | F91: DES | H91: HVE
A92: GBN | B92: Brunei Darussa | C92: 410 | D92: Backhoe Loaders | E92: Backhoe Loaders | F92: DES
A93: GBN | B93: Brunei Darussa | C93: 300 | D93: Compact Excavators | E93: CEX | F93: DES | H93: HVE
A94: GBN | B94: Brunei Darussa | C94: 350 | D94: Compact Wheel Loaders | E94: WLO | F94: DES | H94: HVE
A95: GBN | B95: Brunei Darussa | C95: 310 | D95: GPE Crawler Excavators | E95: GEC | F95: DES | H95: HVE
A96: GBN | B96: Brunei Darussa | C96: 320 | D96: GPE Wheel Excavators | E96: GEW | F96: DES | H96: HVE
A97: GBN | B97: Brunei Darussa | C97: 360 | D97: GPE Wheel Loaders | E97: WLO | F97: DES | H97: HVE
A98: GBN | B98: Brunei Darussa | C98: 380 | D98: Motor Graders | E98: Motor Graders | F98: DES | H98: HVE
A99: GBN | B99: Brunei Darussa | C99: 390 | D99: Compaction Machines | E99: Compaction Machines | F99: DES
A100: GBN | B100: Brunei Darussa | C100: 340 | D100: Rigid Haulers | E100: Rigid Haulers | F100: DES | H100: HVE
...

Sheet CRP TMA
A1: Source | B1: Country Grouping | C1: Country | D1: Market Area | E1: Machine Line | F1: Size Class Flag | G1: Brand Code | H1: FID | I1: TM FID | J1: check sap | K1: check 2024
A2: TMA | B2: Algeria | C2: Algeria | D2: # | E2: Articulated Haulers | F2: Not assigned | G2: # | H2: 0 | I2: 12 | J2: =IF(COUNTIFS('source matrix sap'!$B:$B,$B2,'source matrix sap'!$D:$D,$E2)>0,1,0) -> 1 | K2: =IF(COUNTIFS('source matrix 2024'!$B:$B,$B2,'source matrix 2024'!$D:$D,$E2)>0,1,0) -> 0
A3: TMA | B3: Algeria | C3: Algeria | D3: # | E3: Backhoe Loaders | F3: Not assigned | G3: # | H3: 0 | I3: 80 | J3: =IF(COUNTIFS('source matrix sap'!$B:$B,$B3,'source matrix sap'!$D:$D,$E3)>0,1,0) -> 1 | K3: =IF(COUNTIFS('source matrix 2024'!$B:$B,$B3,'source matrix 2024'!$D:$D,$E3)>0,1,0) -> 0
A4: TMA | B4: Algeria | C4: Algeria | D4: # | E4: Compact Excavators | F4: <6t | G4: # | H4: 0 | I4: 78 | J4: =IF(COUNTIFS('source matrix sap'!$B:$B,$B4,'source matrix sap'!$D:$D,$E4)>0,1,0) -> 1 | K4: =IF(COUNTIFS('source matrix 2024'!$B:$B,$B4,'source matrix 2024'!$D:$D,$E4)>0,1,0) -> 0
A5: TMA | B5: Algeria | C5: Algeria | D5: # | E5: Compact Wheel Loaders | F5: 10<12 | G5: # | H5: 0 | I5: 12 | J5: =IF(COUNTIFS('source matrix sap'!$B:$B,$B5,'source matrix sap'!$D:$D,$E5)>0,1,0) -> 1 | K5: =IF(COUNTIFS('source matrix 2024'!$B:$B,$B5,'source matrix 2024'!$D:$D,$E5)>0,1,0) -> 0
A6: TMA | B6: Algeria | C6: Algeria | D6: # | E6: Compaction Machines | F6: Not assigned | G6: # | H6: 0 | I6: 137 | J6: =IF(COUNTIFS('source matrix sap'!$B:$B,$B6,'source matrix sap'!$D:$D,$E6)>0,1,0) -> 1 | K6: =IF(COUNTIFS('source matrix 2024'!$B:$B,$B6,'source matrix 2024'!$D:$D,$E6)>0,1,0) -> 0
A7: TMA | B7: Algeria | C7: Algeria | D7: # | E7: GPE Crawler Excavators | F7: >10t | G7: # | H7: 0 | I7: 255 | J7: =IF(COUNTIFS('source matrix sap'!$B:$B,$B7,'source matrix sap'!$D:$D,$E7)>0,1,0) -> 1 | K7: =IF(COUNTIFS('source matrix 2024'!$B:$B,$B7,'source matrix 2024'!$D:$D,$E7)>0,1,0) -> 0
A8: TMA | B8: Algeria | C8: Algeria | D8: # | E8: GPE Wheel Excavators | F8: >11t | G8: # | H8: 0 | I8: 9 | J8: =IF(COUNTIFS('source matrix sap'!$B:$B,$B8,'source matrix sap'!$D:$D,$E8)>0,1,0) -> 1 | K8: =IF(COUNTIFS('source matrix 2024'!$B:$B,$B8,'source matrix 2024'!$D:$D,$E8)>0,1,0) -> 0
A9: TMA | B9: Algeria | C9: Algeria | D9: # | E9: GPE Wheel Loaders | F9: >12 | G9: # | H9: 0 | I9: 254 | J9: =IF(COUNTIFS('source matrix sap'!$B:$B,$B9,'source matrix sap'!$D:$D,$E9)>0,1,0) -> 1 | K9: =IF(COUNTIFS('source matrix 2024'!$B:$B,$B9,'source matrix 2024'!$D:$D,$E9)>0,1,0) -> 0
A10: TMA | B10: Algeria | C10: Algeria | D10: # | E10: Motor Graders | F10: Not assigned | G10: # | H10: 0 | I10: 72 | J10: =IF(COUNTIFS('source matrix sap'!$B:$B,$B10,'source matrix sap'!$D:$D,$E10)>0,1,0) -> 1 | K10: =IF(COUNTIFS('source matrix 2024'!$B:$B,$B10,'source matrix 2024'!$D:$D,$E10)>0,1,0) -> 0
A11: TMA | B11: Algeria | C11: Algeria | D11: # | E11: Paving Machines | F11: Not assigned | G11: # | H11: 0 | I11: 25 | J11: =IF(COUNTIFS('source matrix sap'!$B:$B,$B11,'source matrix sap'!$D:$D,$E11)>0,1,0) -> 1 | K11: =IF(COUNTIFS('source matrix 2024'!$B:$B,$B11,'source matrix 2024'!$D:$D,$E11)>0,1,0) -> 0
A12: TMA | B12: Algeria | C12: Algeria | D12: # | E12: Rigid Haulers | F12: Not assigned | G12: # | H12: 0 | I12: 4 | J12: =IF(COUNTIFS('source matrix sap'!$B:$B,$B12,'source matrix sap'!$D:$D,$E12)>0,1,0) -> 1 | K12: =IF(COUNTIFS('source matrix 2024'!$B:$B,$B12,'source matrix 2024'!$D:$D,$E12)>0,1,0) -> 0
A13: TMA | B13: Algeria | C13: Algeria | D13: # | E13: Skid Steer Loaders | F13: Not assigned | G13: # | H13: 0 | I13: 29 | J13: =IF(COUNTIFS('source matrix sap'!$B:$B,$B13,'source matrix sap'!$D:$D,$E13)>0,1,0) -> 1 | K13: =IF(COUNTIFS('source matrix 2024'!$B:$B,$B13,'source matrix 2024'!$D:$D,$E13)>0,1,0) -> 0
... A2108: TMA | B2108: VietNam | C2108: VietNam | D2108: # | E2108: Skid Steer Loaders | F2108: Not assigned | G2108: # | H2108: 0 | I2108: 33 | J2108: =IF(COUNTIFS('source matrix sap'!$B:$B,$B2108,'source matrix sap'!$D:$D,$E2108)>0,1,0) -> 1 | K2108: =IF(COUNTIFS('source matrix 2024'!$B:$B,$B2108,'source matrix 2024'!$D:$D,$E2108)>0,1,0) -> 0

Sheet  TMC TMA preparation
A1: Country Grouping | C1: Country | D1: Region | E1: Machine Line | G1: Size Class Flag | H1: Brand Code | I1: Reporter Flag | J1: Pri/Sec | K1: Source | L1: FID | M1: MS (%) | N1: TM | O1: VCE FID | P1: TM Non-VCE
A2: GAE | B2: UAE | C2: UAE | D2: Region International | E2: 300 | F2: Compact Excavators | G2: 6<10T | H2: # | I2: # | J2: # | K2: TMA | L2: 0 | M2: 0 | N2: 4 | O2: 2 | P2: 2
A3: GAE | B3: UAE | C3: UAE | D3: Region International | E3: 300 | F3: Compact Excavators | G3: 6<11T | H3: # | I3: # | J3: # | K3: TMA | L3: 0 | M3: 0 | N3: 2 | O3: 0 | P3: 2 | Q3: missing
A4: GAE | B4: UAE | C4: UAE | D4: Region International | E4: 300 | F4: Compact Excavators | G4: <6T | H4: # | I4: # | J4: # | K4: TMA | L4: 0 | M4: 0 | N4: 298 | O4: 1 | P4: 297 | Q4: Paving Machines
A5: GAE | B5: UAE | C5: UAE | D5: Region International | E5: 310 | F5: GPE Crawler Excavators | G5: >10T | H5: # | I5: # | J5: # | K5: TMA | L5: 0 | M5: 0 | N5: 1695 | O5: 55 | P5: 1640
A6: GAE | B6: UAE | C6: UAE | D6: Region International | E6: 320 | F6: GPE Wheel Excavators | G6: >11T | H6: # | I6: # | J6: # | K6: TMA | L6: 0 | M6: 0 | N6: 178 | O6: 28 | P6: 150
A7: GAE | B7: UAE | C7: UAE | D7: Region International | E7: 330 | F7: Articulated Haulers | G7: # | H7: # | I7: # | J7: # | K7: TMA | L7: 0 | M7: 0 | N7: 231 | O7: 129 | P7: 102
A8: GAE | B8: UAE | C8: UAE | D8: Region International | E8: 340 | F8: Rigid Haulers | G8: # | H8: # | I8: # | J8: # | K8: TMA | L8: 0 | M8: 0 | N8: 124 | O8: 0 | P8: 124
A9: GAE | B9: UAE | C9: UAE | D9: Region International | E9: 350 | F9: Compact Wheel Loaders | G9: 10<12 | H9: # | I9: # | J9: # | K9: TMA | L9: 0 | M9: 0 | N9: 59 | O9: 0 | P9: 59
A10: GAE | B10: UAE | C10: UAE | D10: Region International | E10: 350 | F10: Compact Wheel Loaders | G10: 7<10 | H10: # | I10: # | J10: # | K10: TMA | L10: 0 | M10: 0 | N10: 2 | O10: 1 | P10: 1
A11: GAE | B11: UAE | C11: UAE | D11: Region International | E11: 350 | F11: Compact Wheel Loaders | G11: <7 | H11: # | I11: # | J11: # | K11: TMA | L11: 0 | M11: 0 | N11: 12 | O11: 0 | P11: 12
A12: GAE | B12: UAE | C12: UAE | D12: Region International | E12: 360 | F12: GPE Wheel Loaders | G12: >12 | H12: # | I12: # | J12: # | K12: TMA | L12: 0 | M12: 0 | N12: 1233 | O12: 160 | P12: 1073
A13: GAE | B13: UAE | C13: UAE | D13: Region International | E13: 380 | F13: Motor Graders | G13: # | H13: # | I13: # | J13: # | K13: TMA | L13: 0 | M13: 0 | N13: 261 | O13: 8 | P13: 253
A14: GAE | B14: UAE | C14: UAE | D14: Region International | E14: 390 | F14: Compaction Machines | G14: # | H14: # | I14: # | J14: # | K14: TMA | L14: 0 | M14: 0 | N14: 431 | O14: 7 | P14: 424
A15: GAE | B15: UAE | C15: UAE | D15: Region International | E15: 400 | F15: Paving Machines | G15: # | H15: # | I15: # | J15: # | K15: TMA | L15: 0 | M15: 0 | N15: 37 | O15: 3 | P15: 34
A16: GAE | B16: UAE | C16: UAE | D16: Region International | E16: 410 | F16: Backhoe Loaders | G16: # | H16: # | I16: # | J16: # | K16: TMA | L16: 0 | M16: 0 | N16: 937 | O16: 2 | P16: 935
... A714: GZA | B714: South Africa | C714: South Africa | D714: Region International | E714: 410 | F714: Backhoe Loaders | G714: # | H714: # | I714: # | J714: # | K714: TMA | L714: 0 | M714: 0 | N714: 1491 | O714: 0 | P714: 1491

Sheet TMA 2024
A1: year | B1: geographical_region | C1: geographical_market_area | D1: end_country | E1: end_country_code | F1: machine_family | G1: machine_line | H1: machine_line_code | I1: size_class | J1: size_class_mapping | K1: total_market_fid_sales
A2: 2024 | B2: Region Asia | C2: MA Asia East | D2: Brunei Darussa | E2: BN | F2: Compact Equipment | G2: Compact Excavators | H2: CEX | I2: EC1<2 | J2: <6T | K2: 0
A3: 2024 | B3: Region Asia | C3: MA Asia East | D3: Brunei Darussa | E3: BN | F3: Compact Equipment | G3: Compact Excavators | H3: CEX | I3: EC3<4 | J3: <6T | K3: 0
A4: 2024 | B4: Region Asia | C4: MA Asia East | D4: Brunei Darussa | E4: BN | F4: Compact Equipment | G4: Compact Excavators | H4: CEX | I4: EC6<8 | J4: 6<10T | K4: 1
A5: 2024 | B5: Region Asia | C5: MA Asia East | D5: Brunei Darussa | E5: BN | F5: General Purpose Equipment | G5: GPE Crawler Excavators | H5: 310 | I5: EC10<14 | J5: >10T | K5: 0
A6: 2024 | B6: Region Asia | C6: MA Asia East | D6: Brunei Darussa | E6: BN | F6: General Purpose Equipment | G6: GPE Crawler Excavators | H6: 310 | I6: EC19<21 | J6: >10T | K6: 2
A7: 2024 | B7: Region Asia | C7: MA Asia East | D7: Brunei Darussa | E7: BN | F7: General Purpose Equipment | G7: GPE Crawler Excavators | H7: 310 | I7: EC21<24 | J7: >10T | K7: 1
A8: 2024 | B8: Region Asia | C8: MA Asia East | D8: Brunei Darussa | E8: BN | F8: General Purpose Equipment | G8: GPE Crawler Excavators | H8: 310 | I8: EC33<40 | J8: >10T | K8: 1
A9: 2024 | B9: Region Asia | C9: MA Asia East | D9: Brunei Darussa | E9: BN | F9: General Purpose Equipment | G9: GPE Wheel Loaders | H9: 360 | I9: WLC16<17 | J9: >12 | K9: 0
A10: 2024 | B10: Region Asia | C10: MA Asia East | D10: Brunei Darussa | E10: BN | F10: Road Machinery Equipment | G10: Compaction Machines | H10: 390 | I10: VS-SS8<12 | J10: Compaction Machines | K10: 0
A11: 2024 | B11: Region Asia | C11: MA Asia East | D11: Japan | E11: JP | F11: Compact Equipment | G11: Compact Excavators | H11: CEX | I11: EC0<1 | J11: <6T | K11: 2583
A12: 2024 | B12: Region Asia | C12: MA Asia East | D12: Japan | E12: JP | F12: Compact Equipment | G12: Compact Excavators | H12: CEX | I12: EC1<2 | J12: <6T | K12: 4055
A13: 2024 | B13: Region Asia | C13: MA Asia East | D13: Japan | E13: JP | F13: Compact Equipment | G13: Compact Excavators | H13: CEX | I13: EC2<3 | J13: <6T | K13: 4875
A14: 2024 | B14: Region Asia | C14: MA Asia East | D14: Japan | E14: JP | F14: Compact Equipment | G14: Compact Excavators | H14: CEX | I14: EC3<4 | J14: <6T | K14: 7885
A15: 2024 | B15: Region Asia | C15: MA Asia East | D15: Japan | E15: JP | F15: Compact Equipment | G15: Compact Excavators | H15: CEX | I15: EC4<5 | J15: <6T | K15: 3237
A16: 2024 | B16: Region Asia | C16: MA Asia East | D16: Japan | E16: JP | F16: Compact Equipment | G16: Compact Excavators | H16: CEX | I16: EC5<6 | J16: <6T | K16: 2001
A17: 2024 | B17: Region Asia | C17: MA Asia East | D17: Japan | E17: JP | F17: Compact Equipment | G17: Compact Excavators | H17: CEX | I17: EC6<8 | J17: 6<10T | K17: 4973
A18: 2024 | B18: Region Asia | C18: MA Asia East | D18: Japan | E18: JP | F18: Compact Equipment | G18: Compact Excavators | H18: CEX | I18: EC8<10 | J18: 6<10T | K18: 820
A19: 2024 | B19: Region Asia | C19: MA Asia East | D19: Japan | E19: JP | F19: Compact Equipment | G19: Compact Excavators | H19: CEX | I19: EW0<6 | J19: <6T | K19: 4
A20: 2024 | B20: Region Asia | C20: MA Asia East | D20: Japan | E20: JP | F20: Compact Equipment | G20: Compact Wheel Loaders | H20: 350 | I20: WLC0<5 | J20: <7 | K20: 5449
A21: 2024 | B21: Region Asia | C21: MA Asia East | D21: Japan | E21: JP | F21: Compact Equipment | G21: Compact Wheel Loaders | H21: 350 | I21: WLC10<12 | J21: 10<12 | K21: 3010
A22: 2024 | B22: Region Asia | C22: MA Asia East | D22: Japan | E22: JP | F22: Compact Equipment | G22: Compact Wheel Loaders | H22: 350 | I22: WLC12<13 | J22: >12 | K22: 380
A23: 2024 | B23: Region Asia | C23: MA Asia East | D23: Japan | E23: JP | F23: Compact Equipment | G23: Compact Wheel Loaders | H23: 350 | I23: WLC5<6 | J23: <7 | K23: 933
A24: 2024 | B24: Region Asia | C24: MA Asia East | D24: Japan | E24: JP | F24: Compact Equipment | G24: Compact Wheel Loaders | H24: 350 | I24: WLC6<7 | J24: <7 | K24: 60
A25: 2024 | B25: Region Asia | C25: MA Asia East | D25: Japan | E25: JP | F25: Compact Equipment | G25: Compact Wheel Loaders | H25: 350 | I25: WLC7<8 | J25: 7<10 | K25: 789
A26: 2024 | B26: Region Asia | C26: MA Asia East | D26: Japan | E26: JP | F26: Compact Equipment | G26: Compact Wheel Loaders | H26: 350 | I26: WLC8<9 | J26: 7<10 | K26: 536
A27: 2024 | B27: Region Asia | C27: MA Asia East | D27: Japan | E27: JP | F27: Compact Equipment | G27: Compact Wheel Loaders | H27: 350 | I27: WLC9<10 | J27: 7<10 | K27: 88
A28: 2024 | B28: Region Asia | C28: MA Asia East | D28: Japan | E28: JP | F28: General Purpose Equipment | G28: Articulated Haulers | H28: 330 | I28: AH0<26 | J28: Articulated Haulers | K28: 29
A29: 2024 | B29: Region Asia | C29: MA Asia East | D29: Japan | E29: JP | F29: General Purpose Equipment | G29: Articulated Haulers | H29: 330 | I29: AH26<30 | J29: Articulated Haulers | K29: 36
A30: 2024 | B30: Region Asia | C30: MA Asia East | D30: Japan | E30: JP | F30: General Purpose Equipment | G30: Articulated Haulers | H30: 330 | I30: AH35+ | J30: Articulated Haulers | K30: 78
A31: 2024 | B31: Region Asia | C31: MA Asia East | D31: Japan | E31: JP | F31: General Purpose Equipment | G31: GPE Crawler Excavators | H31: 310 | I31: EC100<120 | J31: >10T | K31: 12
... A75: 2024 | B75: Region Asia | C75: MA Asia East | D75: Japan | E75: JP | F75: Road Machinery Equipment | G75: Compaction Machines | H75: 390 | I75: VTR-2D8.0<11.3 | J75: Compaction Machines | K75: 0
A76: 2024 | B76: Region Asia | C76: MA Asia East | D76: Malaysia | E76: MY | F76: Compact Equipment | G76: Compact Excavators | H76: CEX | I76: EC1<2 | J76: <6T | K76: 15
A77: 2024 | B77: Region Asia | C77: MA Asia East | D77: Malaysia | E77: MY | F77: Compact Equipment | G77: Compact Excavators | H77: CEX | I77: EC2<3 | J77: <6T | K77: 7
A78: 2024 | B78: Region Asia | C78: MA Asia East | D78: Malaysia | E78: MY | F78: Compact Equipment | G78: Compact Excavators | H78: CEX | I78: EC3<4 | J78: <6T | K78: 54
A79: 2024 | B79: Region Asia | C79: MA Asia East | D79: Malaysia | E79: MY | F79: Compact Equipment | G79: Compact Excavators | H79: CEX | I79: EC4<5 | J79: <6T | K79: 25
A80: 2024 | B80: Region Asia | C80: MA Asia East | D80: Malaysia | E80: MY | F80: Compact Equipment | G80: Compact Excavators | H80: CEX | I80: EC5<6 | J80: <6T | K80: 50
A81: 2024 | B81: Region Asia | C81: MA Asia East | D81: Malaysia | E81: MY | F81: Compact Equipment | G81: Compact Excavators | H81: CEX | I81: EC6<8 | J81: 6<10T | K81: 141
A82: 2024 | B82: Region Asia | C82: MA Asia East | D82: Malaysia | E82: MY | F82: Compact Equipment | G82: Compact Excavators | H82: CEX | I82: EC8<10 | J82: 6<10T | K82: 1
A83: 2024 | B83: Region Asia | C83: MA Asia East | D83: Malaysia | E83: MY | F83: Compact Equipment | G83: Compact Excavators | H83: CEX | I83: EW0<6 | J83: <6T | K83: 2
A84: 2024 | B84: Region Asia | C84: MA Asia East | D84: Malaysia | E84: MY | F84: Compact Equipment | G84: Compact Wheel Loaders | H84: 350 | I84: WLC10<12 | J84: 10<12 | K84: 1
A85: 2024 | B85: Region Asia | C85: MA Asia East | D85: Malaysia | E85: MY | F85: Compact Equipment | G85: Compact Wheel Loaders | H85: 350 | I85: WLC12<13 | J85: >12 | K85: 79
A86: 2024 | B86: Region Asia | C86: MA Asia East | D86: Malaysia | E86: MY | F86: Compact Equipment | G86: Compact Wheel Loaders | H86: 350 | I86: WLC7<8 | J86: 7<10 | K86: 13
A87: 2024 | B87: Region Asia | C87: MA Asia East | D87: Malaysia | E87: MY | F87: Compact Equipment | G87: Compact Wheel Loaders | H87: 350 | I87: WLC8<9 | J87: 7<10 | K87: 23
A88: 2024 | B88: Region Asia | C88: MA Asia East | D88: Malaysia | E88: MY | F88: Compact Equipment | G88: Compact Wheel Loaders | H88: 350 | I88: WLC9<10 | J88: 7<10 | K88: 5
A89: 2024 | B89: Region Asia | C89: MA Asia East | D89: Malaysia | E89: MY | F89: General Purpose Equipment | G89: Articulated Haulers | H89: 330 | I89: AH30<35 | J89: Articulated Haulers | K89: 3
A90: 2024 | B90: Region Asia | C90: MA Asia East | D90: Malaysia | E90: MY | F90: General Purpose Equipment | G90: Articulated Haulers | H90: 330 | I90: AH35+ | J90: Articulated Haulers | K90: 0
A91: 2024 | B91: Region Asia | C91: MA Asia East | D91: Malaysia | E91: MY | F91: General Purpose Equipment | G91: GPE Crawler Excavators | H91: 310 | I91: EC100<120 | J91: >10T | K91: 0
A92: 2024 | B92: Region Asia | C92: MA Asia East | D92: Malaysia | E92: MY | F92: General Purpose Equipment | G92: GPE Crawler Excavators | H92: 310 | I92: EC10<14 | J92: >10T | K92: 365
A93: 2024 | B93: Region Asia | C93: MA Asia East | D93: Malaysia | E93: MY | F93: General Purpose Equipment | G93: GPE Crawler Excavators | H93: 310 | I93: EC120<150 | J93: >10T | K93: 1
A94: 2024 | B94: Region Asia | C94: MA Asia East | D94: Malaysia | E94: MY | F94: General Purpose Equipment | G94: GPE Crawler Excavators | H94: 310 | I94: EC14<16 | J94: >10T | K94: 182
A95: 2024 | B95: Region Asia | C95: MA Asia East | D95: Malaysia | E95: MY | F95: General Purpose Equipment | G95: GPE Crawler Excavators | H95: 310 | I95: EC16<19 | J95: >10T | K95: 1
... A129: 2024 | B129: Region Asia | C129: MA Asia East | D129: Malaysia | E129: MY | F129: Road Machinery Equipment | G129: Compaction Machines | H129: 390 | I129: VTR-2D8.0<11.3 | J129: Compaction Machines | K129: 7
A130: 2024 | B130: Region Asia | C130: MA Asia East | D130: Philippines | E130: PH | F130: Compact Equipment | G130: Compact Excavators | H130: CEX | I130: EC1<2 | J130: <6T | K130: 24
A131: 2024 | B131: Region Asia | C131: MA Asia East | D131: Philippines | E131: PH | F131: Compact Equipment | G131: Compact Excavators | H131: CEX | I131: EC2<3 | J131: <6T | K131: 10
A132: 2024 | B132: Region Asia | C132: MA Asia East | D132: Philippines | E132: PH | F132: Compact Equipment | G132: Compact Excavators | H132: CEX | I132: EC3<4 | J132: <6T | K132: 50
A133: 2024 | B133: Region Asia | C133: MA Asia East | D133: Philippines | E133: PH | F133: Compact Equipment | G133: Compact Excavators | H133: CEX | I133: EC4<5 | J133: <6T | K133: 19
A134: 2024 | B134: Region Asia | C134: MA Asia East | D134: Philippines | E134: PH | F134: Compact Equipment | G134: Compact Excavators | H134: CEX | I134: EC5<6 | J134: <6T | K134: 226
A135: 2024 | B135: Region Asia | C135: MA Asia East | D135: Philippines | E135: PH | F135: Compact Equipment | G135: Compact Excavators | H135: CEX | I135: EC6<8 | J135: 6<10T | K135: 189
A136: 2024 | B136: Region Asia | C136: MA Asia East | D136: Philippines | E136: PH | F136: Compact Equipment | G136: Compact Excavators | H136: CEX | I136: EC8<10 | J136: 6<10T | K136: 16
A137: 2024 | B137: Region Asia | C137: MA Asia East | D137: Philippines | E137: PH | F137: Compact Equipment | G137: Compact Excavators | H137: CEX | I137: EW0<6 | J137: <6T | K137: 43
A138: 2024 | B138: Region Asia | C138: MA Asia East | D138: Philippines | E138: PH | F138: Compact Equipment | G138: Compact Excavators | H138: CEX | I138: EW6<8 | J138: 6<10T | K138: 0
A139: 2024 | B139: Region Asia | C139: MA Asia East | D139: Philippines | E139: PH | F139: Compact Equipment | G139: Compact Wheel Loaders | H139: 350 | I139: WLC10<12 | J139: 10<12 | K139: 1
A140: 2024 | B140: Region Asia | C140: MA Asia East | D140: Philippines | E140: PH | F140: Compact Equipment | G140: Compact Wheel Loaders | H140: 350 | I140: WLC12<13 | J140: >12 | K140: 176
A141: 2024 | B141: Region Asia | C141: MA Asia East | D141: Philippines | E141: PH | F141: Compact Equipment | G141: Compact Wheel Loaders | H141: 350 | I141: WLC5<6 | J141: <7 | K141: 2
A142: 2024 | B142: Region Asia | C142: MA Asia East | D142: Philippines | E142: PH | F142: Compact Equipment | G142: Compact Wheel Loaders | H142: 350 | I142: WLC7<8 | J142: 7<10 | K142: 9
A143: 2024 | B143: Region Asia | C143: MA Asia East | D143: Philippines | E143: PH | F143: Compact Equipment | G143: Compact Wheel Loaders | H143: 350 | I143: WLC8<9 | J143: 7<10 | K143: 32
A144: 2024 | B144: Region Asia | C144: MA Asia East | D144: Philippines | E144: PH | F144: Compact Equipment | G144: Compact Wheel Loaders | H144: 350 | I144: WLC9<10 | J144: 7<10 | K144: 2
A145: 2024 | B145: Region Asia | C145: MA Asia East | D145: Philippines | E145: PH | F145: General Purpose Equipment | G145: Articulated Haulers | H145: 330 | I145: AH35+ | J145: Articulated Haulers | K145: 7
A146: 2024 | B146: Region Asia | C146: MA Asia East | D146: Philippines | E146: PH | F146: General Purpose Equipment | G146: GPE Crawler Excavators | H146: 310 | I146: EC100<120 | J146: >10T | K146: 0
A147: 2024 | B147: Region Asia | C147: MA Asia East | D147: Philippines | E147: PH | F147: General Purpose Equipment | G147: GPE Crawler Excavators | H147: 310 | I147: EC10<14 | J147: >10T | K147: 376
A148: 2024 | B148: Region Asia | C148: MA Asia East | D148: Philippines | E148: PH | F148: General Purpose Equipment | G148: GPE Crawler Excavators | H148: 310 | I148: EC120<150 | J148: >10T | K148: 24
A149: 2024 | B149: Region Asia | C149: MA Asia East | D149: Philippines | E149: PH | F149: General Purpose Equipment | G149: GPE Crawler Excavators | H149: 310 | I149: EC14<16 | J149: >10T | K149: 105
A150: 2024 | B150: Region Asia | C150: MA Asia East | D150: Philippines | E150: PH | F150: General Purpose Equipment | G150: GPE Crawler Excavators | H150: 310 | I150: EC150<200 | J150: >10T | K150: 1
... A193: 2024 | B193: Region Asia | C193: MA Asia East | D193: Philippines | E193: PH | F193: Road Machinery Equipment | G193: Compaction Machines | H193: 390 | I193: VTR-2D8.0<11.3 | J193: Compaction Machines | K193: 61
A194: 2024 | B194: Region Asia | C194: MA Asia East | D194: Singapore | E194: SG | F194: Compact Equipment | G194: Compact Excavators | H194: CEX | I194: EC0<1 | J194: <6T | K194: 10
A195: 2024 | B195: Region Asia | C195: MA Asia East | D195: Singapore | E195: SG | F195: Compact Equipment | G195: Compact Excavators | H195: CEX | I195: EC1<2 | J195: <6T | K195: 30
A196: 2024 | B196: Region Asia | C196: MA Asia East | D196: Singapore | E196: SG | F196: Compact Equipment | G196: Compact Excavators | H196: CEX | I196: EC2<3 | J196: <6T | K196: 2
A197: 2024 | B197: Region Asia | C197: MA Asia East | D197: Singapore | E197: SG | F197: Compact Equipment | G197: Compact Excavators | H197: CEX | I197: EC3<4 | J197: <6T | K197: 62
A198: 2024 | B198: Region Asia | C198: MA Asia East | D198: Singapore | E198: SG | F198: Compact Equipment | G198: Compact Excavators | H198: CEX | I198: EC4<5 | J198: <6T | K198: 71
A199: 2024 | B199: Region Asia | C199: MA Asia East | D199: Singapore | E199: SG | F199: Compact Equipment | G199: Compact Excavators | H199: CEX | I199: EC5<6 | J199: <6T | K199: 141
A200: 2024 | B200: Region Asia | C200: MA Asia East | D200: Singapore | E200: SG | F200: Compact Equipment | G200: Compact Excavators | H200: CEX | I200: EC6<8 | J200: 6<10T | K200: 36
A201: 2024 | B201: Region Asia | C201: MA Asia East | D201: Singapore | E201: SG | F201: Compact Equipment | G201: Compact Excavators | H201: CEX | I201: EC8<10 | J201: 6<10T | K201: 10
A202: 2024 | B202: Region Asia | C202: MA Asia East | D202: Singapore | E202: SG | F202: Compact Equipment | G202: Compact Wheel Loaders | H202: 350 | I202: WLC10<12 | J202: 10<12 | K202: 2
A203: 2024 | B203: Region Asia | C203: MA Asia East | D203: Singapore | E203: SG | F203: Compact Equipment | G203: Compact Wheel Loaders | H203: 350 | I203: WLC7<8 | J203: 7<10 | K203: 0
A204: 2024 | B204: Region Asia | C204: MA Asia East | D204: Singapore | E204: SG | F204: General Purpose Equipment | G204: Articulated Haulers | H204: 330 | I204: AH26<30 | J204: Articulated Haulers | K204: 5
A205: 2024 | B205: Region Asia | C205: MA Asia East | D205: Singapore | E205: SG | F205: General Purpose Equipment | G205: Articulated Haulers | H205: 330 | I205: AH35+ | J205: Articulated Haulers | K205: 53
A206: 2024 | B206: Region Asia | C206: MA Asia East | D206: Singapore | E206: SG | F206: General Purpose Equipment | G206: GPE Crawler Excavators | H206: 310 | I206: EC10<14 | J206: >10T | K206: 81
A207: 2024 | B207: Region Asia | C207: MA Asia East | D207: Singapore | E207: SG | F207: General Purpose Equipment | G207: GPE Crawler Excavators | H207: 310 | I207: EC14<16 | J207: >10T | K207: 104
A208: 2024 | B208: Region Asia | C208: MA Asia East | D208: Singapore | E208: SG | F208: General Purpose Equipment | G208: GPE Crawler Excavators | H208: 310 | I208: EC19<21 | J208: >10T | K208: 281
A209: 2024 | B209: Region Asia | C209: MA Asia East | D209: Singapore | E209: SG | F209: General Purpose Equipment | G209: GPE Crawler Excavators | H209: 310 | I209: EC21<24 | J209: >10T | K209: 66
A210: 2024 | B210: Region Asia | C210: MA Asia East | D210: Singapore | E210: SG | F210: General Purpose Equipment | G210: GPE Crawler Excavators | H210: 310 | I210: EC24<28 | J210: >10T | K210: 21
A211: 2024 | B211: Region Asia | C211: MA Asia East | D211: Singapore | E211: SG | F211: General Purpose Equipment | G211: GPE Crawler Excavators | H211: 310 | I211: EC28<33 | J211: >10T | K211: 22
A212: 2024 | B212: Region Asia | C212: MA Asia East | D212: Singapore | E212: SG | F212: General Purpose Equipment | G212: GPE Crawler Excavators | H212: 310 | I212: EC33<40 | J212: >10T | K212: 84
A213: 2024 | B213: Region Asia | C213: MA Asia East | D213: Singapore | E213: SG | F213: General Purpose Equipment | G213: GPE Crawler Excavators | H213: 310 | I213: EC40<50 | J213: >10T | K213: 15
... A234: 2024 | B234: Region Asia | C234: MA Asia East | D234: Singapore | E234: SG | F234: Road Machinery Equipment | G234: Compaction Machines | H234: 390 | I234: VTR-2D8.0<11.3 | J234: Compaction Machines | K234: 5
A235: 2024 | B235: Region Asia | C235: MA Asia East | D235: Taiwan | E235: TW | F235: Compact Equipment | G235: Compact Excavators | H235: CEX | I235: EC0<1 | J235: <6T | K235: 1
A236: 2024 | B236: Region Asia | C236: MA Asia East | D236: Taiwan | E236: TW | F236: Compact Equipment | G236: Compact Excavators | H236: CEX | I236: EC1<2 | J236: <6T | K236: 47
A237: 2024 | B237: Region Asia | C237: MA Asia East | D237: Taiwan | E237: TW | F237: Compact Equipment | G237: Compact Excavators | H237: CEX | I237: EC2<3 | J237: <6T | K237: 9
A238: 2024 | B238: Region Asia | C238: MA Asia East | D238: Taiwan | E238: TW | F238: Compact Equipment | G238: Compact Excavators | H238: CEX | I238: EC3<4 | J238: <6T | K238: 23
...

Sheet CRP VOLVO SAL 
A1: Source | B1: Country Grouping | C1: Country | D1: Market Area | E1: Machine Line | F1: Size Class Flag | G1: Brand Code | H1: FID | I1: TM FID | J1: check sap | K1: check 2024
A2: SAL | B2: Algeria | C2: Algeria | D2: # | E2: Articulated Haulers | F2: Not assigned | G2: Volvo | H2: 12 | I2: 0 | J2: =IF(COUNTIFS('source matrix sap'!$B:$B,$B2,'source matrix sap'!$D:$D,$E2)>0,1,0) -> 1 | K2: =IF(COUNTIFS('source matrix 2024'!$B:$B,$B2,'source matrix 2024'!$D:$D,$E2)>0,1,0) -> 0
A3: SAL | B3: Algeria | C3: Algeria | D3: # | E3: GPE Crawler Excavators | F3: >10t | G3: Volvo | H3: 25 | I3: 0 | J3: =IF(COUNTIFS('source matrix sap'!$B:$B,$B3,'source matrix sap'!$D:$D,$E3)>0,1,0) -> 1 | K3: =IF(COUNTIFS('source matrix 2024'!$B:$B,$B3,'source matrix 2024'!$D:$D,$E3)>0,1,0) -> 0
A4: SAL | B4: Argentina | C4: Argentina | D4: # | E4: Articulated Haulers | F4: Not assigned | G4: Volvo | H4: 6 | I4: 0 | J4: =IF(COUNTIFS('source matrix sap'!$B:$B,$B4,'source matrix sap'!$D:$D,$E4)>0,1,0) -> 1 | K4: =IF(COUNTIFS('source matrix 2024'!$B:$B,$B4,'source matrix 2024'!$D:$D,$E4)>0,1,0) -> 1
A5: SAL | B5: Argentina | C5: Argentina | D5: # | E5: Compact Excavators | F5: <6t | G5: Volvo | H5: 6 | I5: 0 | J5: =IF(COUNTIFS('source matrix sap'!$B:$B,$B5,'source matrix sap'!$D:$D,$E5)>0,1,0) -> 1 | K5: =IF(COUNTIFS('source matrix 2024'!$B:$B,$B5,'source matrix 2024'!$D:$D,$E5)>0,1,0) -> 1
A6: SAL | B6: Argentina | C6: Argentina | D6: # | E6: Compact Wheel Loaders | F6: 7<10 | G6: SDLG | H6: 19 | I6: 0 | J6: =IF(COUNTIFS('source matrix sap'!$B:$B,$B6,'source matrix sap'!$D:$D,$E6)>0,1,0) -> 1 | K6: =IF(COUNTIFS('source matrix 2024'!$B:$B,$B6,'source matrix 2024'!$D:$D,$E6)>0,1,0) -> 1
A7: SAL | B7: Argentina | C7: Argentina | D7: # | E7: Compact Wheel Loaders | F7: 7<10 | G7: Volvo | H7: 1 | I7: 0 | J7: =IF(COUNTIFS('source matrix sap'!$B:$B,$B7,'source matrix sap'!$D:$D,$E7)>0,1,0) -> 1 | K7: =IF(COUNTIFS('source matrix 2024'!$B:$B,$B7,'source matrix 2024'!$D:$D,$E7)>0,1,0) -> 1
A8: SAL | B8: Argentina | C8: Argentina | D8: # | E8: Compaction Machines | F8: Not assigned | G8: Volvo | H8: 5 | I8: 0 | J8: =IF(COUNTIFS('source matrix sap'!$B:$B,$B8,'source matrix sap'!$D:$D,$E8)>0,1,0) -> 1 | K8: =IF(COUNTIFS('source matrix 2024'!$B:$B,$B8,'source matrix 2024'!$D:$D,$E8)>0,1,0) -> 1
A9: SAL | B9: Argentina | C9: Argentina | D9: # | E9: GPE Crawler Excavators | F9: >10t | G9: Volvo | H9: 38 | I9: 0 | J9: =IF(COUNTIFS('source matrix sap'!$B:$B,$B9,'source matrix sap'!$D:$D,$E9)>0,1,0) -> 1 | K9: =IF(COUNTIFS('source matrix 2024'!$B:$B,$B9,'source matrix 2024'!$D:$D,$E9)>0,1,0) -> 1
A10: SAL | B10: Argentina | C10: Argentina | D10: # | E10: GPE Wheel Loaders | F10: >12 | G10: SDLG | H10: 60 | I10: 0 | J10: =IF(COUNTIFS('source matrix sap'!$B:$B,$B10,'source matrix sap'!$D:$D,$E10)>0,1,0) -> 1 | K10: =IF(COUNTIFS('source matrix 2024'!$B:$B,$B10,'source matrix 2024'!$D:$D,$E10)>0,1,0) -> 1
A11: SAL | B11: Argentina | C11: Argentina | D11: # | E11: GPE Wheel Loaders | F11: >12 | G11: Volvo | H11: 31 | I11: 0 | J11: =IF(COUNTIFS('source matrix sap'!$B:$B,$B11,'source matrix sap'!$D:$D,$E11)>0,1,0) -> 1 | K11: =IF(COUNTIFS('source matrix 2024'!$B:$B,$B11,'source matrix 2024'!$D:$D,$E11)>0,1,0) -> 1
A12: SAL | B12: Argentina | C12: Argentina | D12: # | E12: Motor Graders | F12: Not assigned | G12: SDLG | H12: 8 | I12: 0 | J12: =IF(COUNTIFS('source matrix sap'!$B:$B,$B12,'source matrix sap'!$D:$D,$E12)>0,1,0) -> 1 | K12: =IF(COUNTIFS('source matrix 2024'!$B:$B,$B12,'source matrix 2024'!$D:$D,$E12)>0,1,0) -> 1
A13: SAL | B13: Australia | C13: Australia | D13: # | E13: Articulated Haulers | F13: Not assigned | G13: Terex Trucks | H13: 25 | I13: 0 | J13: =IF(COUNTIFS('source matrix sap'!$B:$B,$B13,'source matrix sap'!$D:$D,$E13)>0,1,0) -> 1 | K13: =IF(COUNTIFS('source matrix 2024'!$B:$B,$B13,'source matrix 2024'!$D:$D,$E13)>0,1,0) -> 1
... A897: SAL | B897: VietNam | C897: Viet Nam | D897: # | E897: Motor Graders | F897: Not assigned | G897: SDLG | H897: 1 | I897: 0 | J897: =IF(COUNTIFS('source matrix sap'!$B:$B,$B897,'source matrix sap'!$D:$D,$E897)>0,1,0) -> 1 | K897: =IF(COUNTIFS('source matrix 2024'!$B:$B,$B897,'source matrix 2024'!$D:$D,$E897)>0,1,0) -> 1

Sheet TMC VOLVO SAL Preparation
A1: Country Grouping | C1: Country | D1: Region | E1: Machine Line | G1: Size Class Flag | H1: Brand Code | I1: Reporter Flag | J1: Pri/Sec | K1: Source | L1: FID | M1: MS (%) | N1: TM | O1: VCE FID | P1: TM Non-VCE
A2: GAE | B2: UAE | C2: UAE | D2: Region International | E2: 300 | F2: Compact Excavators | G2: 6<10T | H2: Volvo | I2: Y | J2: # | K2: SAL | L2: 2 | M2: 0 | N2: 0
A3: GAE | B3: UAE | C3: UAE | D3: Region International | E3: 300 | F3: Compact Excavators | G3: <6T | H3: Volvo | I3: Y | J3: # | K3: SAL | L3: 1 | M3: 0 | N3: 0
A4: GAE | B4: UAE | C4: UAE | D4: Region International | E4: 310 | F4: GPE Crawler Excavators | G4: >10T | H4: SDLG | I4: Y | J4: # | K4: SAL | L4: 5 | M4: 0 | N4: 0
A5: GAE | B5: UAE | C5: UAE | D5: Region International | E5: 310 | F5: GPE Crawler Excavators | G5: >10T | H5: Volvo | I5: Y | J5: # | K5: SAL | L5: 50 | M5: 0 | N5: 0
A6: GAE | B6: UAE | C6: UAE | D6: Region International | E6: 320 | F6: GPE Wheel Excavators | G6: >11T | H6: Volvo | I6: Y | J6: # | K6: SAL | L6: 28 | M6: 0 | N6: 0
A7: GAE | B7: UAE | C7: UAE | D7: Region International | E7: 330 | F7: Articulated Haulers | G7: # | H7: Volvo | I7: Y | J7: # | K7: SAL | L7: 129 | M7: 0 | N7: 0
A8: GAE | B8: UAE | C8: UAE | D8: Region International | E8: 350 | F8: Compact Wheel Loaders | G8: 7<10 | H8: SDLG | I8: Y | J8: # | K8: SAL | L8: 1 | M8: 0 | N8: 0
A9: GAE | B9: UAE | C9: UAE | D9: Region International | E9: 360 | F9: GPE Wheel Loaders | G9: >12 | H9: SDLG | I9: Y | J9: # | K9: SAL | L9: 101 | M9: 0 | N9: 0
A10: GAE | B10: UAE | C10: UAE | D10: Region International | E10: 360 | F10: GPE Wheel Loaders | G10: >12 | H10: Volvo | I10: Y | J10: # | K10: SAL | L10: 59 | M10: 0 | N10: 0
A11: GAE | B11: UAE | C11: UAE | D11: Region International | E11: 380 | F11: Motor Graders | G11: # | H11: SDLG | I11: Y | J11: # | K11: SAL | L11: 8 | M11: 0 | N11: 0
A12: GAE | B12: UAE | C12: UAE | D12: Region International | E12: 390 | F12: Compaction Machines | G12: # | H12: Volvo | I12: Y | J12: # | K12: SAL | L12: 7 | M12: 0 | N12: 0
A13: GAE | B13: UAE | C13: UAE | D13: Region International | E13: 400 | F13: Paving Machines | G13: # | H13: ABG | I13: Y | J13: # | K13: SAL | L13: 3 | M13: 0 | N13: 0
... A493: GZA | B493: South Africa | C493: South Africa | D493: Region International | E493: 360 | F493: GPE Wheel Loaders | G493: >12 | H493: Volvo | I493: Y | J493: # | K493: SAL | L493: 103 | M493: 0 | N493: 0

Sheet VOLVO 2024
A1: calendar | B1: region | C1: market | D1: country | E1: machine | F1: machine_line | G1: size_class | H1: brand_owner_code | I1: brand_owner | J1: brand | K1: brand_nationality | L1: source | M1: fid
A2: 2024 | B2: Region Asia | C2: MA Asia East | D2: Japan | E2: CEX | F2: Compact Excavators | G2: Midi | H2: VCE | I2: Volvo CE | J2: Volvo | K2: Sweden | L2: SAL | M2: 2
A3: 2024 | B3: Region Asia | C3: MA Asia East | D3: Japan | E3: CEX | F3: Compact Excavators | G3: Mini | H3: VCE | I3: Volvo CE | J3: Volvo | K3: Sweden | L3: SAL | M3: 9
A4: 2024 | B4: Region Asia | C4: MA Asia East | D4: Japan | E4: 310 | F4: GPE Crawler Excavators | G4: >10T | H4: VCE | I4: Volvo CE | J4: Volvo | K4: Sweden | L4: SAL | M4: 16
A5: 2024 | B5: Region Asia | C5: MA Asia East | D5: Japan | E5: 320 | F5: GPE Wheel Excavators | G5: >11T | H5: VCE | I5: Volvo CE | J5: Volvo | K5: Sweden | L5: SAL | M5: 5
A6: 2024 | B6: Region Asia | C6: MA Asia East | D6: Japan | E6: 330 | F6: Articulated Haulers | G6: Articulated Haulers | H6: VCE | I6: Volvo CE | J6: Volvo | K6: Sweden | L6: SAL | M6: 56
A7: 2024 | B7: Region Asia | C7: MA Asia East | D7: Japan | E7: 350 | F7: Compact Wheel Loaders | G7: 7<10 | H7: VCE | I7: Volvo CE | J7: Volvo | K7: Sweden | L7: SAL | M7: 10
A8: 2024 | B8: Region Asia | C8: MA Asia East | D8: Japan | E8: 360 | F8: GPE Wheel Loaders | G8: >12 | H8: VCE | I8: Volvo CE | J8: Volvo | K8: Sweden | L8: SAL | M8: 5
A9: 2024 | B9: Region Asia | C9: MA Asia East | D9: Malaysia | E9: CEX | F9: Compact Excavators | G9: Midi | H9: VCE | I9: Volvo CE | J9: SDLG | K9: China | L9: SAL | M9: 10
A10: 2024 | B10: Region Asia | C10: MA Asia East | D10: Malaysia | E10: CEX | F10: Compact Excavators | G10: Mini | H10: VCE | I10: Volvo CE | J10: SDLG | K10: China | L10: SAL | M10: 6
A11: 2024 | B11: Region Asia | C11: MA Asia East | D11: Malaysia | E11: 310 | F11: GPE Crawler Excavators | G11: >10T | H11: VCE | I11: Volvo CE | J11: SDLG | K11: China | L11: SAL | M11: 50
A12: 2024 | B12: Region Asia | C12: MA Asia East | D12: Malaysia | E12: 310 | F12: GPE Crawler Excavators | G12: >10T | H12: VCE | I12: Volvo CE | J12: Volvo | K12: Sweden | L12: SAL | M12: 75
A13: 2024 | B13: Region Asia | C13: MA Asia East | D13: Malaysia | E13: 350 | F13: Compact Wheel Loaders | G13: 7<10 | H13: VCE | I13: Volvo CE | J13: SDLG | K13: China | L13: SAL | M13: 2
A14: 2024 | B14: Region Asia | C14: MA Asia East | D14: Malaysia | E14: 360 | F14: GPE Wheel Loaders | G14: >12 | H14: VCE | I14: Volvo CE | J14: SDLG | K14: China | L14: SAL | M14: 37
A15: 2024 | B15: Region Asia | C15: MA Asia East | D15: Malaysia | E15: 360 | F15: GPE Wheel Loaders | G15: >12 | H15: VCE | I15: Volvo CE | J15: Volvo | K15: Sweden | L15: SAL | M15: 4
A16: 2024 | B16: Region Asia | C16: MA Asia East | D16: Philippines | E16: CEX | F16: Compact Excavators | G16: Midi | H16: VCE | I16: Volvo CE | J16: SDLG | K16: China | L16: SAL | M16: 30
A17: 2024 | B17: Region Asia | C17: MA Asia East | D17: Philippines | E17: CEX | F17: Compact Excavators | G17: Mini | H17: VCE | I17: Volvo CE | J17: SDLG | K17: China | L17: SAL | M17: 13
A18: 2024 | B18: Region Asia | C18: MA Asia East | D18: Philippines | E18: CEX | F18: Compact Excavators | G18: Mini | H18: VCE | I18: Volvo CE | J18: Volvo | K18: Sweden | L18: SAL | M18: 5
A19: 2024 | B19: Region Asia | C19: MA Asia East | D19: Philippines | E19: 310 | F19: GPE Crawler Excavators | G19: >10T | H19: VCE | I19: Volvo CE | J19: SDLG | K19: China | L19: SAL | M19: 178
A20: 2024 | B20: Region Asia | C20: MA Asia East | D20: Philippines | E20: 310 | F20: GPE Crawler Excavators | G20: >10T | H20: VCE | I20: Volvo CE | J20: Volvo | K20: Sweden | L20: SAL | M20: 159
A21: 2024 | B21: Region Asia | C21: MA Asia East | D21: Philippines | E21: 320 | F21: GPE Wheel Excavators | G21: >11T | H21: VCE | I21: Volvo CE | J21: SDLG | K21: China | L21: SAL | M21: 30
A22: 2024 | B22: Region Asia | C22: MA Asia East | D22: Philippines | E22: 320 | F22: GPE Wheel Excavators | G22: >11T | H22: VCE | I22: Volvo CE | J22: Volvo | K22: Sweden | L22: SAL | M22: 68
A23: 2024 | B23: Region Asia | C23: MA Asia East | D23: Philippines | E23: 330 | F23: Articulated Haulers | G23: Articulated Haulers | H23: VCE | I23: Volvo CE | J23: Volvo | K23: Sweden | L23: SAL | M23: 7
A24: 2024 | B24: Region Asia | C24: MA Asia East | D24: Philippines | E24: 350 | F24: Compact Wheel Loaders | G24: 7<10 | H24: VCE | I24: Volvo CE | J24: SDLG | K24: China | L24: SAL | M24: 4
A25: 2024 | B25: Region Asia | C25: MA Asia East | D25: Philippines | E25: 360 | F25: GPE Wheel Loaders | G25: >12 | H25: VCE | I25: Volvo CE | J25: SDLG | K25: China | L25: SAL | M25: 92
A26: 2024 | B26: Region Asia | C26: MA Asia East | D26: Philippines | E26: 360 | F26: GPE Wheel Loaders | G26: >12 | H26: VCE | I26: Volvo CE | J26: Volvo | K26: Sweden | L26: SAL | M26: 4
A27: 2024 | B27: Region Asia | C27: MA Asia East | D27: Singapore | E27: CEX | F27: Compact Excavators | G27: Mini | H27: VCE | I27: Volvo CE | J27: Volvo | K27: Sweden | L27: SAL | M27: 1
A28: 2024 | B28: Region Asia | C28: MA Asia East | D28: Singapore | E28: 310 | F28: GPE Crawler Excavators | G28: >10T | H28: VCE | I28: Volvo CE | J28: Volvo | K28: Sweden | L28: SAL | M28: 28
A29: 2024 | B29: Region Asia | C29: MA Asia East | D29: Singapore | E29: 330 | F29: Articulated Haulers | G29: Articulated Haulers | H29: VCE | I29: Volvo CE | J29: Volvo | K29: Sweden | L29: SAL | M29: 40
A30: 2024 | B30: Region Asia | C30: MA Asia East | D30: Singapore | E30: 360 | F30: GPE Wheel Loaders | G30: >12 | H30: VCE | I30: Volvo CE | J30: Volvo | K30: Sweden | L30: SAL | M30: 10
A31: 2024 | B31: Region Asia | C31: MA Asia East | D31: Taiwan | E31: CEX | F31: Compact Excavators | G31: Midi | H31: VCE | I31: Volvo CE | J31: SDLG | K31: China | L31: SAL | M31: 1
A32: 2024 | B32: Region Asia | C32: MA Asia East | D32: Taiwan | E32: CEX | F32: Compact Excavators | G32: Midi | H32: VCE | I32: Volvo CE | J32: Volvo | K32: Sweden | L32: SAL | M32: 1
A33: 2024 | B33: Region Asia | C33: MA Asia East | D33: Taiwan | E33: CEX | F33: Compact Excavators | G33: Mini | H33: VCE | I33: Volvo CE | J33: SDLG | K33: China | L33: SAL | M33: 1
A34: 2024 | B34: Region Asia | C34: MA Asia East | D34: Taiwan | E34: 310 | F34: GPE Crawler Excavators | G34: >10T | H34: VCE | I34: Volvo CE | J34: SDLG | K34: China | L34: SAL | M34: 6
A35: 2024 | B35: Region Asia | C35: MA Asia East | D35: Taiwan | E35: 310 | F35: GPE Crawler Excavators | G35: >10T | H35: VCE | I35: Volvo CE | J35: Volvo | K35: Sweden | L35: SAL | M35: 40
A36: 2024 | B36: Region Asia | C36: MA Asia East | D36: Taiwan | E36: 330 | F36: Articulated Haulers | G36: Articulated Haulers | H36: VCE | I36: Volvo CE | J36: Volvo | K36: Sweden | L36: SAL | M36: 25
A37: 2024 | B37: Region Asia | C37: MA Asia East | D37: Taiwan | E37: 350 | F37: Compact Wheel Loaders | G37: 7<10 | H37: VCE | I37: Volvo CE | J37: SDLG | K37: China | L37: SAL | M37: 1
A38: 2024 | B38: Region Asia | C38: MA Asia East | D38: Taiwan | E38: 360 | F38: GPE Wheel Loaders | G38: >12 | H38: VCE | I38: Volvo CE | J38: SDLG | K38: China | L38: SAL | M38: 11
A39: 2024 | B39: Region Asia | C39: MA Asia East | D39: Taiwan | E39: 360 | F39: GPE Wheel Loaders | G39: >12 | H39: VCE | I39: Volvo CE | J39: Volvo | K39: Sweden | L39: SAL | M39: 2
A40: 2024 | B40: Region Asia | C40: MA Asia West | D40: Cambodia | E40: 350 | F40: Compact Wheel Loaders | G40: 7<10 | H40: VCE | I40: Volvo CE | J40: SDLG | K40: China | L40: SAL | M40: 2
A41: 2024 | B41: Region Asia | C41: MA Asia West | D41: Cambodia | E41: 360 | F41: GPE Wheel Loaders | G41: >12 | H41: VCE | I41: Volvo CE | J41: SDLG | K41: China | L41: SAL | M41: 16
A42: 2024 | B42: Region Asia | C42: MA Asia West | D42: Indonesia | E42: CEX | F42: Compact Excavators | G42: Midi | H42: VCE | I42: Volvo CE | J42: SDLG | K42: China | L42: SAL | M42: 38
A43: 2024 | B43: Region Asia | C43: MA Asia West | D43: Indonesia | E43: 310 | F43: GPE Crawler Excavators | G43: >10T | H43: VCE | I43: Volvo CE | J43: SDLG | K43: China | L43: SAL | M43: 21
A44: 2024 | B44: Region Asia | C44: MA Asia West | D44: Indonesia | E44: 310 | F44: GPE Crawler Excavators | G44: >10T | H44: VCE | I44: Volvo CE | J44: Volvo | K44: Sweden | L44: SAL | M44: 164
A45: 2024 | B45: Region Asia | C45: MA Asia West | D45: Indonesia | E45: 320 | F45: GPE Wheel Excavators | G45: >11T | H45: VCE | I45: Volvo CE | J45: Volvo | K45: Sweden | L45: SAL | M45: 4
A46: 2024 | B46: Region Asia | C46: MA Asia West | D46: Indonesia | E46: 330 | F46: Articulated Haulers | G46: Articulated Haulers | H46: VCE | I46: Volvo CE | J46: Rokbak | K46: United Kingdom | L46: SAL | M46: 12
A47: 2024 | B47: Region Asia | C47: MA Asia West | D47: Indonesia | E47: 330 | F47: Articulated Haulers | G47: Articulated Haulers | H47: VCE | I47: Volvo CE | J47: Volvo | K47: Sweden | L47: SAL | M47: 306
A48: 2024 | B48: Region Asia | C48: MA Asia West | D48: Indonesia | E48: 350 | F48: Compact Wheel Loaders | G48: 7<10 | H48: VCE | I48: Volvo CE | J48: SDLG | K48: China | L48: SAL | M48: 8
A49: 2024 | B49: Region Asia | C49: MA Asia West | D49: Indonesia | E49: 360 | F49: GPE Wheel Loaders | G49: >12 | H49: VCE | I49: Volvo CE | J49: SDLG | K49: China | L49: SAL | M49: 169
A50: 2024 | B50: Region Asia | C50: MA Asia West | D50: Indonesia | E50: 360 | F50: GPE Wheel Loaders | G50: >12 | H50: VCE | I50: Volvo CE | J50: Volvo | K50: Sweden | L50: SAL | M50: 14
A51: 2024 | B51: Region Asia | C51: MA Asia West | D51: Lao | E51: 360 | F51: GPE Wheel Loaders | G51: >12 | H51: VCE | I51: Volvo CE | J51: SDLG | K51: China | L51: SAL | M51: 2
A52: 2024 | B52: Region Asia | C52: MA Asia West | D52: Myanmar | E52: 310 | F52: GPE Crawler Excavators | G52: >10T | H52: VCE | I52: Volvo CE | J52: SDLG | K52: China | L52: SAL | M52: 23
A53: 2024 | B53: Region Asia | C53: MA Asia West | D53: Myanmar | E53: 310 | F53: GPE Crawler Excavators | G53: >10T | H53: VCE | I53: Volvo CE | J53: Volvo | K53: Sweden | L53: SAL | M53: 1
A54: 2024 | B54: Region Asia | C54: MA Asia West | D54: Thailand | E54: CEX | F54: Compact Excavators | G54: Midi | H54: VCE | I54: Volvo CE | J54: SDLG | K54: China | L54: SAL | M54: 24
A55: 2024 | B55: Region Asia | C55: MA Asia West | D55: Thailand | E55: CEX | F55: Compact Excavators | G55: Mini | H55: VCE | I55: Volvo CE | J55: SDLG | K55: China | L55: SAL | M55: 83
A56: 2024 | B56: Region Asia | C56: MA Asia West | D56: Thailand | E56: CEX | F56: Compact Excavators | G56: Mini | H56: VCE | I56: Volvo CE | J56: Volvo | K56: Sweden | L56: SAL | M56: 3
A57: 2024 | B57: Region Asia | C57: MA Asia West | D57: Thailand | E57: 310 | F57: GPE Crawler Excavators | G57: >10T | H57: VCE | I57: Volvo CE | J57: SDLG | K57: China | L57: SAL | M57: 5
A58: 2024 | B58: Region Asia | C58: MA Asia West | D58: Thailand | E58: 310 | F58: GPE Crawler Excavators | G58: >10T | H58: VCE | I58: Volvo CE | J58: Volvo | K58: Sweden | L58: SAL | M58: 36
A59: 2024 | B59: Region Asia | C59: MA Asia West | D59: Thailand | E59: 320 | F59: GPE Wheel Excavators | G59: >11T | H59: VCE | I59: Volvo CE | J59: Volvo | K59: Sweden | L59: SAL | M59: 9
A60: 2024 | B60: Region Asia | C60: MA Asia West | D60: Thailand | E60: 360 | F60: GPE Wheel Loaders | G60: >12 | H60: VCE | I60: Volvo CE | J60: SDLG | K60: China | L60: SAL | M60: 11
A61: 2024 | B61: Region Asia | C61: MA Asia West | D61: Timor-Leste | E61: CEX | F61: Compact Excavators | G61: Midi | H61: VCE | I61: Volvo CE | J61: SDLG | K61: China | L61: SAL | M61: 2
A62: 2024 | B62: Region Asia | C62: MA Asia West | D62: Timor-Leste | E62: CEX | F62: Compact Excavators | G62: Mini | H62: VCE | I62: Volvo CE | J62: Volvo | K62: Sweden | L62: SAL | M62: 2
A63: 2024 | B63: Region Asia | C63: MA Asia West | D63: Timor-Leste | E63: 360 | F63: GPE Wheel Loaders | G63: >12 | H63: VCE | I63: Volvo CE | J63: SDLG | K63: China | L63: SAL | M63: 5
A64: 2024 | B64: Region Asia | C64: MA Asia West | D64: Viet Nam | E64: 310 | F64: GPE Crawler Excavators | G64: >10T | H64: VCE | I64: Volvo CE | J64: SDLG | K64: China | L64: SAL | M64: 8
A65: 2024 | B65: Region Asia | C65: MA Asia West | D65: Viet Nam | E65: 310 | F65: GPE Crawler Excavators | G65: >10T | H65: VCE | I65: Volvo CE | J65: Volvo | K65: Sweden | L65: SAL | M65: 7
A66: 2024 | B66: Region Asia | C66: MA Asia West | D66: Viet Nam | E66: 320 | F66: GPE Wheel Excavators | G66: >11T | H66: VCE | I66: Volvo CE | J66: Volvo | K66: Sweden | L66: SAL | M66: 2
A67: 2024 | B67: Region Asia | C67: MA Asia West | D67: Viet Nam | E67: 360 | F67: GPE Wheel Loaders | G67: >12 | H67: VCE | I67: Volvo CE | J67: Volvo | K67: Sweden | L67: SAL | M67: 6
A68: 2024 | B68: Region Asia | C68: MA Korea | D68: South Korea | E68: CEX | F68: Compact Excavators | G68: Midi | H68: VCE | I68: Volvo CE | J68: Volvo | K68: Sweden | L68: SAL | M68: 8
A69: 2024 | B69: Region Asia | C69: MA Korea | D69: South Korea | E69: CEX | F69: Compact Excavators | G69: Mini | H69: VCE | I69: Volvo CE | J69: Volvo | K69: Sweden | L69: SAL | M69: 834
A70: 2024 | B70: Region Asia | C70: MA Korea | D70: South Korea | E70: 310 | F70: GPE Crawler Excavators | G70: >10T | H70: VCE | I70: Volvo CE | J70: Volvo | K70: Sweden | L70: SAL | M70: 418
A71: 2024 | B71: Region Asia | C71: MA Korea | D71: South Korea | E71: 320 | F71: GPE Wheel Excavators | G71: >11T | H71: VCE | I71: Volvo CE | J71: Volvo | K71: Sweden | L71: SAL | M71: 755
A72: 2024 | B72: Region Asia | C72: MA Korea | D72: South Korea | E72: 330 | F72: Articulated Haulers | G72: Articulated Haulers | H72: VCE | I72: Volvo CE | J72: Volvo | K72: Sweden | L72: SAL | M72: 1
A73: 2024 | B73: Region Asia | C73: MA Korea | D73: South Korea | E73: 360 | F73: GPE Wheel Loaders | G73: >12 | H73: VCE | I73: Volvo CE | J73: Volvo | K73: Sweden | L73: SAL | M73: 62
A74: 2024 | B74: Region China | C74: MA China | D74: China | E74: CEX | F74: Compact Excavators | G74: Midi | H74: VCE | I74: Volvo CE | J74: SDLG | K74: China | L74: SAL | M74: 3507
A75: 2024 | B75: Region China | C75: MA China | D75: China | E75: CEX | F75: Compact Excavators | G75: Mini | H75: VCE | I75: Volvo CE | J75: SDLG | K75: China | L75: SAL | M75: 2146
A76: 2024 | B76: Region China | C76: MA China | D76: China | E76: CEX | F76: Compact Excavators | G76: Mini | H76: VCE | I76: Volvo CE | J76: Volvo | K76: Sweden | L76: SAL | M76: 3
A77: 2024 | B77: Region China | C77: MA China | D77: China | E77: 310 | F77: GPE Crawler Excavators | G77: >10T | H77: VCE | I77: Volvo CE | J77: SDLG | K77: China | L77: SAL | M77: 3483
A78: 2024 | B78: Region China | C78: MA China | D78: China | E78: 310 | F78: GPE Crawler Excavators | G78: >10T | H78: VCE | I78: Volvo CE | J78: Volvo | K78: Sweden | L78: SAL | M78: 811
A79: 2024 | B79: Region China | C79: MA China | D79: China | E79: 320 | F79: GPE Wheel Excavators | G79: >11T | H79: VCE | I79: Volvo CE | J79: SDLG | K79: China | L79: SAL | M79: 99
A80: 2024 | B80: Region China | C80: MA China | D80: China | E80: 320 | F80: GPE Wheel Excavators | G80: >11T | H80: VCE | I80: Volvo CE | J80: Volvo | K80: Sweden | L80: SAL | M80: 7
A81: 2024 | B81: Region China | C81: MA China | D81: China | E81: 330 | F81: Articulated Haulers | G81: Articulated Haulers | H81: VCE | I81: Volvo CE | J81: Volvo | K81: Sweden | L81: SAL | M81: 24
A82: 2024 | B82: Region China | C82: MA China | D82: China | E82: 350 | F82: Compact Wheel Loaders | G82: 7<10 | H82: VCE | I82: Volvo CE | J82: SDLG | K82: China | L82: SAL | M82: 433
A83: 2024 | B83: Region China | C83: MA China | D83: China | E83: 360 | F83: GPE Wheel Loaders | G83: >12 | H83: VCE | I83: Volvo CE | J83: SDLG | K83: China | L83: SAL | M83: 10718
A84: 2024 | B84: Region China | C84: MA China | D84: China | E84: 360 | F84: GPE Wheel Loaders | G84: >12 | H84: VCE | I84: Volvo CE | J84: Volvo | K84: Sweden | L84: SAL | M84: 45
A85: 2024 | B85: Region Europe | C85: MA ASC EU, IL & Balkan | D85: Austria | E85: CEX | F85: Compact Excavators | G85: Midi | H85: VCE | I85: Volvo CE | J85: Volvo | K85: Sweden | L85: SAL | M85: 4
A86: 2024 | B86: Region Europe | C86: MA ASC EU, IL & Balkan | D86: Austria | E86: CEX | F86: Compact Excavators | G86: Mini | H86: VCE | I86: Volvo CE | J86: Volvo | K86: Sweden | L86: SAL | M86: 24
A87: 2024 | B87: Region Europe | C87: MA ASC EU, IL & Balkan | D87: Austria | E87: 310 | F87: GPE Crawler Excavators | G87: >10T | H87: VCE | I87: Volvo CE | J87: Volvo | K87: Sweden | L87: SAL | M87: 63
A88: 2024 | B88: Region Europe | C88: MA ASC EU, IL & Balkan | D88: Austria | E88: 320 | F88: GPE Wheel Excavators | G88: >11T | H88: VCE | I88: Volvo CE | J88: Volvo | K88: Sweden | L88: SAL | M88: 15
A89: 2024 | B89: Region Europe | C89: MA ASC EU, IL & Balkan | D89: Austria | E89: 330 | F89: Articulated Haulers | G89: Articulated Haulers | H89: VCE | I89: Volvo CE | J89: Volvo | K89: Sweden | L89: SAL | M89: 10
A90: 2024 | B90: Region Europe | C90: MA ASC EU, IL & Balkan | D90: Austria | E90: 350 | F90: Compact Wheel Loaders | G90: <7 | H90: VCE | I90: Volvo CE | J90: Volvo | K90: Sweden | L90: SAL | M90: 1
A91: 2024 | B91: Region Europe | C91: MA ASC EU, IL & Balkan | D91: Austria | E91: 350 | F91: Compact Wheel Loaders | G91: 10<12 | H91: VCE | I91: Volvo CE | J91: Volvo | K91: Sweden | L91: SAL | M91: 13
A92: 2024 | B92: Region Europe | C92: MA ASC EU, IL & Balkan | D92: Austria | E92: 350 | F92: Compact Wheel Loaders | G92: 7<10 | H92: VCE | I92: Volvo CE | J92: Volvo | K92: Sweden | L92: SAL | M92: 11
A93: 2024 | B93: Region Europe | C93: MA ASC EU, IL & Balkan | D93: Austria | E93: 360 | F93: GPE Wheel Loaders | G93: >12 | H93: VCE | I93: Volvo CE | J93: Volvo | K93: Sweden | L93: SAL | M93: 76
A94: 2024 | B94: Region Europe | C94: MA ASC EU, IL & Balkan | D94: Czech Republic | E94: CEX | F94: Compact Excavators | G94: Midi | H94: VCE | I94: Volvo CE | J94: Volvo | K94: Sweden | L94: SAL | M94: 5
A95: 2024 | B95: Region Europe | C95: MA ASC EU, IL & Balkan | D95: Czech Republic | E95: CEX | F95: Compact Excavators | G95: Mini | H95: VCE | I95: Volvo CE | J95: Volvo | K95: Sweden | L95: SAL | M95: 15
A96: 2024 | B96: Region Europe | C96: MA ASC EU, IL & Balkan | D96: Czech Republic | E96: 310 | F96: GPE Crawler Excavators | G96: >10T | H96: VCE | I96: Volvo CE | J96: Volvo | K96: Sweden | L96: SAL | M96: 12
A97: 2024 | B97: Region Europe | C97: MA ASC EU, IL & Balkan | D97: Czech Republic | E97: 320 | F97: GPE Wheel Excavators | G97: >11T | H97: VCE | I97: Volvo CE | J97: Volvo | K97: Sweden | L97: SAL | M97: 17
A98: 2024 | B98: Region Europe | C98: MA ASC EU, IL & Balkan | D98: Czech Republic | E98: 330 | F98: Articulated Haulers | G98: Articulated Haulers | H98: VCE | I98: Volvo CE | J98: Volvo | K98: Sweden | L98: SAL | M98: 2
A99: 2024 | B99: Region Europe | C99: MA ASC EU, IL & Balkan | D99: Czech Republic | E99: 350 | F99: Compact Wheel Loaders | G99: 10<12 | H99: VCE | I99: Volvo CE | J99: Volvo | K99: Sweden | L99: SAL | M99: 6
A100: 2024 | B100: Region Europe | C100: MA ASC EU, IL & Balkan | D100: Czech Republic | E100: 350 | F100: Compact Wheel Loaders | G100: 7<10 | H100: VCE | I100: Volvo CE | J100: Volvo | K100: Sweden | L100: SAL | M100: 4
...

Sheet TMC OTH
A1: Calendar Year | B1: Source | D1: Country | E1: Country Grouping | F1: Region | G1: Machine Line Name | H1: Size Class Flag | I1: Brand Name | J1: FID | K1: MS (%)
A2: 2024 | B2: CLF | C2: Chile OTH | D2: CL | E2: # | F2: Not Assigned | G2: Articulated Haulers | H2: # | I2: Bell | J2: 5 | K2: 0
A3: 2024 | B3: CLF | C3: Chile OTH | D3: CL | E3: # | F3: Not Assigned | G3: Articulated Haulers | H3: # | I3: Caterpillar | J3: 3 | K3: 0
A4: 2024 | B4: CLF | C4: Chile OTH | D4: CL | E4: # | F4: Not Assigned | G4: Articulated Haulers | H4: # | I4: Develon | J4: 2 | K4: 0
A5: 2024 | B5: CLF | C5: Chile OTH | D5: CL | E5: # | F5: Not Assigned | G5: Articulated Haulers | H5: # | I5: Volvo | J5: 14 | K5: 0
A6: 2024 | B6: CLF | C6: Chile OTH | D6: CL | E6: # | F6: Not Assigned | G6: Backhoe Loaders | H6: # | I6: Bobcat | J6: 14 | K6: 0
A7: 2024 | B7: CLF | C7: Chile OTH | D7: CL | E7: # | F7: Not Assigned | G7: Backhoe Loaders | H7: # | I7: Bull | J7: 3 | K7: 0
A8: 2024 | B8: CLF | C8: Chile OTH | D8: CL | E8: # | F8: Not Assigned | G8: Backhoe Loaders | H8: # | I8: Case | J8: 37 | K8: 0
A9: 2024 | B9: CLF | C9: Chile OTH | D9: CL | E9: # | F9: Not Assigned | G9: Backhoe Loaders | H9: # | I9: Caterpillar | J9: 283 | K9: 0
A10: 2024 | B10: CLF | C10: Chile OTH | D10: CL | E10: # | F10: Not Assigned | G10: Backhoe Loaders | H10: # | I10: Cukurova | J10: 5 | K10: 0
A11: 2024 | B11: CLF | C11: Chile OTH | D11: CL | E11: # | F11: Not Assigned | G11: Backhoe Loaders | H11: # | I11: Deere | J11: 162 | K11: 0
A12: 2024 | B12: CLF | C12: Chile OTH | D12: CL | E12: # | F12: Not Assigned | G12: Backhoe Loaders | H12: # | I12: Develon | J12: 22 | K12: 0
A13: 2024 | B13: CLF | C13: Chile OTH | D13: CL | E13: # | F13: Not Assigned | G13: Backhoe Loaders | H13: # | I13: Hengwang | J13: 1 | K13: 0
... A4396: 2024 | B4396: PIN | C4396: Market PINS | D4396: UY | E4396: # | F4396: Not Assigned | G4396: Wheeled Excavators | H4396: >11T | I4396: Liugong | J4396: 1 | K4396: 0

Sheet TMC OTH Preparation
A1: Country Grouping | C1: Country | D1: Region | E1: Machine Line | F1: Machine Line | H1: Size Class Flag | I1: Brand Code | K1: Reporter Flag | L1: Pri/Sec | M1: Source | N1: FID | O1: MS (%) | P1: TM | Q1: VCE FID | R1: TM Non-VCE | S1: CHECK 2024
A2: GAE | B2: UAE | C2: UAE | D2: Region International | E2: 330 | F2: Articulated Haulers | H2: # | I2: Caterpillar Inc | J2: =_xlfn.XLOOKUP(UPPER(TRIM(I2)),Sheet19!$A:$A,Sheet19!$B:$B,"") | K2: Y | L2: P | M2: DES | N2: 18 | O2: 0 | P2: 0 | S2: =IF(COUNTIFS('OTH Preparationet 2024'!$D:$D,$C2,'OTH Preparationet 2024'!$H:$H,$F2,'OTH Preparationet 2024'!$M:$M,$H2,'OTH Preparationet 2024'!$L:$L,$J2,'OTH Preparationet 2024'!$Q:$Q,"")>0,1,0) -> 0
A3: GAE | B3: UAE | C3: UAE | D3: Region International | E3: 330 | F3: Articulated Haulers | H3: # | I3: Develon | J3: =_xlfn.XLOOKUP(UPPER(TRIM(I3)),Sheet19!$A:$A,Sheet19!$B:$B,"") -> DOO | K3: Y | L3: P | M3: DES | N3: 4 | O3: 0 | P3: 0 | S3: =IF(COUNTIFS('OTH Preparationet 2024'!$D:$D,$C3,'OTH Preparationet 2024'!$H:$H,$F3,'OTH Preparationet 2024'!$M:$M,$H3,'OTH Preparationet 2024'!$L:$L,$J3,'OTH Preparationet 2024'!$Q:$Q,"")>0,1,0) -> 0
A4: GAE | B4: UAE | C4: UAE | D4: Region International | E4: 330 | F4: Articulated Haulers | H4: # | I4: Komatsu | J4: =_xlfn.XLOOKUP(UPPER(TRIM(I4)),Sheet19!$A:$A,Sheet19!$B:$B,"") -> KOM | K4: Y | L4: P | M4: DES | N4: 80 | O4: 0 | P4: 0 | S4: =IF(COUNTIFS('OTH Preparationet 2024'!$D:$D,$C4,'OTH Preparationet 2024'!$H:$H,$F4,'OTH Preparationet 2024'!$M:$M,$H4,'OTH Preparationet 2024'!$L:$L,$J4,'OTH Preparationet 2024'!$Q:$Q,"")>0,1,0) -> 0
A5: GAE | B5: UAE | C5: UAE | D5: Region International | E5: 330 | F5: Articulated Haulers | H5: # | I5: Volvo | J5: =_xlfn.XLOOKUP(UPPER(TRIM(I5)),Sheet19!$A:$A,Sheet19!$B:$B,"") -> VCE | K5: Y | L5: P | M5: DES | N5: 129 | O5: 0 | P5: 0 | S5: =IF(COUNTIFS('OTH Preparationet 2024'!$D:$D,$C5,'OTH Preparationet 2024'!$H:$H,$F5,'OTH Preparationet 2024'!$M:$M,$H5,'OTH Preparationet 2024'!$L:$L,$J5,'OTH Preparationet 2024'!$Q:$Q,"")>0,1,0) -> 0
A6: GAE | B6: UAE | C6: UAE | D6: Region International | E6: 340 | F6: Rigid Haulers | H6: # | I6: Komatsu | J6: =_xlfn.XLOOKUP(UPPER(TRIM(I6)),Sheet19!$A:$A,Sheet19!$B:$B,"") -> KOM | K6: Y | L6: P | M6: DES | N6: 106 | O6: 0 | P6: 0 | S6: =IF(COUNTIFS('OTH Preparationet 2024'!$D:$D,$C6,'OTH Preparationet 2024'!$H:$H,$F6,'OTH Preparationet 2024'!$M:$M,$H6,'OTH Preparationet 2024'!$L:$L,$J6,'OTH Preparationet 2024'!$Q:$Q,"")>0,1,0) -> 0
A7: GAE | B7: UAE | C7: UAE | D7: Region International | E7: 340 | F7: Rigid Haulers | H7: # | I7: Sany | J7: =_xlfn.XLOOKUP(UPPER(TRIM(I7)),Sheet19!$A:$A,Sheet19!$B:$B,"") -> SNY | K7: Y | L7: P | M7: DES | N7: 18 | O7: 0 | P7: 0 | S7: =IF(COUNTIFS('OTH Preparationet 2024'!$D:$D,$C7,'OTH Preparationet 2024'!$H:$H,$F7,'OTH Preparationet 2024'!$M:$M,$H7,'OTH Preparationet 2024'!$L:$L,$J7,'OTH Preparationet 2024'!$Q:$Q,"")>0,1,0) -> 0
A8: GAE | B8: UAE | C8: UAE | D8: Region International | E8: CEX | F8: Compact Excavators | H8: <10T | I8: Bobcat | J8: =_xlfn.XLOOKUP(UPPER(TRIM(I8)),Sheet19!$A:$A,Sheet19!$B:$B,"") -> BOB | K8: Y | L8: P | M8: DES | N8: 13 | O8: 0 | P8: 0 | S8: =IF(COUNTIFS('OTH Preparationet 2024'!$D:$D,$C8,'OTH Preparationet 2024'!$H:$H,$F8,'OTH Preparationet 2024'!$M:$M,$H8,'OTH Preparationet 2024'!$L:$L,$J8,'OTH Preparationet 2024'!$Q:$Q,"")>0,1,0) -> 0
A9: GAE | B9: UAE | C9: UAE | D9: Region International | E9: CEX | F9: Compact Excavators | H9: <10T | I9: Caterpillar Inc | J9: =_xlfn.XLOOKUP(UPPER(TRIM(I9)),Sheet19!$A:$A,Sheet19!$B:$B,"") | K9: Y | L9: P | M9: DES | N9: 31 | O9: 0 | P9: 0 | S9: =IF(COUNTIFS('OTH Preparationet 2024'!$D:$D,$C9,'OTH Preparationet 2024'!$H:$H,$F9,'OTH Preparationet 2024'!$M:$M,$H9,'OTH Preparationet 2024'!$L:$L,$J9,'OTH Preparationet 2024'!$Q:$Q,"")>0,1,0) -> 0
A10: GAE | B10: UAE | C10: UAE | D10: Region International | E10: CEX | F10: Compact Excavators | H10: <10T | I10: Develon | J10: =_xlfn.XLOOKUP(UPPER(TRIM(I10)),Sheet19!$A:$A,Sheet19!$B:$B,"") -> DOO | K10: Y | L10: P | M10: DES | N10: 3 | O10: 0 | P10: 0 | S10: =IF(COUNTIFS('OTH Preparationet 2024'!$D:$D,$C10,'OTH Preparationet 2024'!$H:$H,$F10,'OTH Preparationet 2024'!$M:$M,$H10,'OTH Preparationet 2024'!$L:$L,$J10,'OTH Preparationet 2024'!$Q:$Q,"")>0,1,0) -> 0
A11: GAE | B11: UAE | C11: UAE | D11: Region International | E11: CEX | F11: Compact Excavators | H11: <10T | I11: Hitachi | J11: =_xlfn.XLOOKUP(UPPER(TRIM(I11)),Sheet19!$A:$A,Sheet19!$B:$B,"") -> HIT | K11: Y | L11: P | M11: DES | N11: 34 | O11: 0 | P11: 0 | S11: =IF(COUNTIFS('OTH Preparationet 2024'!$D:$D,$C11,'OTH Preparationet 2024'!$H:$H,$F11,'OTH Preparationet 2024'!$M:$M,$H11,'OTH Preparationet 2024'!$L:$L,$J11,'OTH Preparationet 2024'!$Q:$Q,"")>0,1,0) -> 0
A12: GAE | B12: UAE | C12: UAE | D12: Region International | E12: CEX | F12: Compact Excavators | H12: <10T | I12: JCB | J12: =_xlfn.XLOOKUP(UPPER(TRIM(I12)),Sheet19!$A:$A,Sheet19!$B:$B,"") -> JCB | K12: Y | L12: P | M12: DES | N12: 10 | O12: 0 | P12: 0 | S12: =IF(COUNTIFS('OTH Preparationet 2024'!$D:$D,$C12,'OTH Preparationet 2024'!$H:$H,$F12,'OTH Preparationet 2024'!$M:$M,$H12,'OTH Preparationet 2024'!$L:$L,$J12,'OTH Preparationet 2024'!$Q:$Q,"")>0,1,0) -> 0
A13: GAE | B13: UAE | C13: UAE | D13: Region International | E13: CEX | F13: Compact Excavators | H13: <10T | I13: Kobelco | J13: =_xlfn.XLOOKUP(UPPER(TRIM(I13)),Sheet19!$A:$A,Sheet19!$B:$B,"") -> KOB | K13: Y | L13: P | M13: DES | N13: 25 | O13: 0 | P13: 0 | S13: =IF(COUNTIFS('OTH Preparationet 2024'!$D:$D,$C13,'OTH Preparationet 2024'!$H:$H,$F13,'OTH Preparationet 2024'!$M:$M,$H13,'OTH Preparationet 2024'!$L:$L,$J13,'OTH Preparationet 2024'!$Q:$Q,"")>0,1,0) -> 0
... A29: GAE | B29: UAE | C29: UAE | D29: Region International | E29: GEC | F29: GPE Excavators Crawled | H29: >10T | I29: Liugong | J29: =_xlfn.XLOOKUP(UPPER(TRIM(I29)),Sheet19!$A:$A,Sheet19!$B:$B,"") -> LIU | K29: Y | L29: P | M29: DES | N29: 53 | O29: 0 | P29: 0 | S29: =IF(COUNTIFS('OTH Preparationet 2024'!$D:$D,$C29,'OTH Preparationet 2024'!$H:$H,$F29,'OTH Preparationet 2024'!$M:$M,$H29,'OTH Preparationet 2024'!$L:$L,$J29,'OTH Preparationet 2024'!$Q:$Q,"")>0,1,0) -> 0
A30: GAE | B30: UAE | C30: UAE | D30: Region International | E30: GEC | F30: Crawler Excavators | H30: >10T | I30: Lonking | J30: =_xlfn.XLOOKUP(UPPER(TRIM(I30)),Sheet19!$A:$A,Sheet19!$B:$B,"") -> LON | L30: P | M30: DES | N30: 10 | O30: 0 | P30: 0 | S30: =IF(COUNTIFS('OTH Preparationet 2024'!$D:$D,$C30,'OTH Preparationet 2024'!$H:$H,$F30,'OTH Preparationet 2024'!$M:$M,$H30,'OTH Preparationet 2024'!$L:$L,$J30,'OTH Preparationet 2024'!$Q:$Q,"")>0,1,0) -> 0
A31: GAE | B31: UAE | C31: UAE | D31: Region International | E31: GEC | F31: GPE Excavators Crawled | H31: >10T | I31: Sany | J31: =_xlfn.XLOOKUP(UPPER(TRIM(I31)),Sheet19!$A:$A,Sheet19!$B:$B,"") -> SNY | K31: Y | L31: P | M31: DES | N31: 212 | O31: 0 | P31: 0 | S31: =IF(COUNTIFS('OTH Preparationet 2024'!$D:$D,$C31,'OTH Preparationet 2024'!$H:$H,$F31,'OTH Preparationet 2024'!$M:$M,$H31,'OTH Preparationet 2024'!$L:$L,$J31,'OTH Preparationet 2024'!$Q:$Q,"")>0,1,0) -> 0
A32: GAE | B32: UAE | C32: UAE | D32: Region International | E32: GEC | F32: GPE Excavators Crawled | H32: >10T | I32: SDLG | J32: =_xlfn.XLOOKUP(UPPER(TRIM(I32)),Sheet19!$A:$A,Sheet19!$B:$B,"") -> LIN | K32: Y | L32: P | M32: DES | N32: 1 | O32: 0 | P32: 0 | S32: =IF(COUNTIFS('OTH Preparationet 2024'!$D:$D,$C32,'OTH Preparationet 2024'!$H:$H,$F32,'OTH Preparationet 2024'!$M:$M,$H32,'OTH Preparationet 2024'!$L:$L,$J32,'OTH Preparationet 2024'!$Q:$Q,"")>0,1,0) -> 0
A33: GAE | B33: UAE | C33: UAE | D33: Region International | E33: GEC | F33: GPE Excavators Crawled | H33: >10T | I33: Sunward | J33: =_xlfn.XLOOKUP(UPPER(TRIM(I33)),Sheet19!$A:$A,Sheet19!$B:$B,"") -> SUN | K33: Y | L33: P | M33: DES | N33: 53 | O33: 0 | P33: 0 | S33: =IF(COUNTIFS('OTH Preparationet 2024'!$D:$D,$C33,'OTH Preparationet 2024'!$H:$H,$F33,'OTH Preparationet 2024'!$M:$M,$H33,'OTH Preparationet 2024'!$L:$L,$J33,'OTH Preparationet 2024'!$Q:$Q,"")>0,1,0) -> 0
A34: GAE | B34: UAE | C34: UAE | D34: Region International | E34: GEC | F34: GPE Excavators Crawled | H34: >10T | I34: Volvo | J34: =_xlfn.XLOOKUP(UPPER(TRIM(I34)),Sheet19!$A:$A,Sheet19!$B:$B,"") -> VCE | K34: Y | L34: P | M34: DES | N34: 50 | O34: 0 | P34: 0 | S34: =IF(COUNTIFS('OTH Preparationet 2024'!$D:$D,$C34,'OTH Preparationet 2024'!$H:$H,$F34,'OTH Preparationet 2024'!$M:$M,$H34,'OTH Preparationet 2024'!$L:$L,$J34,'OTH Preparationet 2024'!$Q:$Q,"")>0,1,0) -> 0
A35: GAE | B35: UAE | C35: UAE | D35: Region International | E35: GEC | F35: GPE Excavators Crawled | H35: >10T | I35: XCMG | J35: =_xlfn.XLOOKUP(UPPER(TRIM(I35)),Sheet19!$A:$A,Sheet19!$B:$B,"") -> XCM | K35: Y | L35: P | M35: DES | N35: 212 | O35: 0 | P35: 0 | S35: =IF(COUNTIFS('OTH Preparationet 2024'!$D:$D,$C35,'OTH Preparationet 2024'!$H:$H,$F35,'OTH Preparationet 2024'!$M:$M,$H35,'OTH Preparationet 2024'!$L:$L,$J35,'OTH Preparationet 2024'!$Q:$Q,"")>0,1,0) -> 0
A36: GAE | B36: UAE | C36: UAE | D36: Region International | E36: GEC | F36: GPE Excavators Crawled | H36: >10T | I36: Zoomlion | J36: =_xlfn.XLOOKUP(UPPER(TRIM(I36)),Sheet19!$A:$A,Sheet19!$B:$B,"") -> ZOO | K36: Y | L36: P | M36: DES | N36: 212 | O36: 0 | P36: 0 | S36: =IF(COUNTIFS('OTH Preparationet 2024'!$D:$D,$C36,'OTH Preparationet 2024'!$H:$H,$F36,'OTH Preparationet 2024'!$M:$M,$H36,'OTH Preparationet 2024'!$L:$L,$J36,'OTH Preparationet 2024'!$Q:$Q,"")>0,1,0) -> 0
A37: GAE | B37: UAE | C37: UAE | D37: Region International | E37: GEW | F37: GPE Excavators Wheeled | H37: >11T | I37: Caterpillar Inc | J37: =_xlfn.XLOOKUP(UPPER(TRIM(I37)),Sheet19!$A:$A,Sheet19!$B:$B,"") | K37: Y | L37: P | M37: DES | N37: 22 | O37: 0 | P37: 0 | S37: =IF(COUNTIFS('OTH Preparationet 2024'!$D:$D,$C37,'OTH Preparationet 2024'!$H:$H,$F37,'OTH Preparationet 2024'!$M:$M,$H37,'OTH Preparationet 2024'!$L:$L,$J37,'OTH Preparationet 2024'!$Q:$Q,"")>0,1,0) -> 0
A38: GAE | B38: UAE | C38: UAE | D38: Region International | E38: GEW | F38: GPE Excavators Wheeled | H38: >11T | I38: Develon | J38: =_xlfn.XLOOKUP(UPPER(TRIM(I38)),Sheet19!$A:$A,Sheet19!$B:$B,"") -> DOO | K38: Y | L38: P | M38: DES | N38: 22 | O38: 0 | P38: 0 | S38: =IF(COUNTIFS('OTH Preparationet 2024'!$D:$D,$C38,'OTH Preparationet 2024'!$H:$H,$F38,'OTH Preparationet 2024'!$M:$M,$H38,'OTH Preparationet 2024'!$L:$L,$J38,'OTH Preparationet 2024'!$Q:$Q,"")>0,1,0) -> 0
A39: GAE | B39: UAE | C39: UAE | D39: Region International | E39: GEW | F39: GPE Excavators Wheeled | H39: >11T | I39: Hitachi | J39: =_xlfn.XLOOKUP(UPPER(TRIM(I39)),Sheet19!$A:$A,Sheet19!$B:$B,"") -> HIT | K39: Y | L39: P | M39: DES | N39: 16 | O39: 0 | P39: 0 | S39: =IF(COUNTIFS('OTH Preparationet 2024'!$D:$D,$C39,'OTH Preparationet 2024'!$H:$H,$F39,'OTH Preparationet 2024'!$M:$M,$H39,'OTH Preparationet 2024'!$L:$L,$J39,'OTH Preparationet 2024'!$Q:$Q,"")>0,1,0) -> 0
A40: GAE | B40: UAE | C40: UAE | D40: Region International | E40: GEW | F40: GPE Excavators Wheeled | H40: >11T | I40: Hyundai | J40: =_xlfn.XLOOKUP(UPPER(TRIM(I40)),Sheet19!$A:$A,Sheet19!$B:$B,"") -> HYU | K40: Y | L40: P | M40: DES | N40: 30 | O40: 0 | P40: 0 | S40: =IF(COUNTIFS('OTH Preparationet 2024'!$D:$D,$C40,'OTH Preparationet 2024'!$H:$H,$F40,'OTH Preparationet 2024'!$M:$M,$H40,'OTH Preparationet 2024'!$L:$L,$J40,'OTH Preparationet 2024'!$Q:$Q,"")>0,1,0) -> 0
A41: GAE | B41: UAE | C41: UAE | D41: Region International | E41: GEW | F41: GPE Excavators Wheeled | H41: >11T | I41: JCB | J41: =_xlfn.XLOOKUP(UPPER(TRIM(I41)),Sheet19!$A:$A,Sheet19!$B:$B,"") -> JCB | K41: Y | L41: P | M41: DES | N41: 22 | O41: 0 | P41: 0 | S41: =IF(COUNTIFS('OTH Preparationet 2024'!$D:$D,$C41,'OTH Preparationet 2024'!$H:$H,$F41,'OTH Preparationet 2024'!$M:$M,$H41,'OTH Preparationet 2024'!$L:$L,$J41,'OTH Preparationet 2024'!$Q:$Q,"")>0,1,0) -> 0
A42: GAE | B42: UAE | C42: UAE | D42: Region International | E42: GEW | F42: GPE Excavators Wheeled | H42: >11T | I42: Liugong | J42: =_xlfn.XLOOKUP(UPPER(TRIM(I42)),Sheet19!$A:$A,Sheet19!$B:$B,"") -> LIU | K42: Y | L42: P | M42: DES | N42: 5 | O42: 0 | P42: 0 | S42: =IF(COUNTIFS('OTH Preparationet 2024'!$D:$D,$C42,'OTH Preparationet 2024'!$H:$H,$F42,'OTH Preparationet 2024'!$M:$M,$H42,'OTH Preparationet 2024'!$L:$L,$J42,'OTH Preparationet 2024'!$Q:$Q,"")>0,1,0) -> 0
... A45: GAE | B45: UAE | C45: UAE | D45: Region International | E45: GEW | F45: GPE Excavators Wheeled | H45: >11T | I45: XCMG | J45: =_xlfn.XLOOKUP(UPPER(TRIM(I45)),Sheet19!$A:$A,Sheet19!$B:$B,"") -> XCM | K45: Y | L45: P | M45: DES | N45: 16 | O45: 0 | P45: 0 | S45: =IF(COUNTIFS('OTH Preparationet 2024'!$D:$D,$C45,'OTH Preparationet 2024'!$H:$H,$F45,'OTH Preparationet 2024'!$M:$M,$H45,'OTH Preparationet 2024'!$L:$L,$J45,'OTH Preparationet 2024'!$Q:$Q,"")>0,1,0) -> 0
A46: GAE | B46: UAE | C46: UAE | D46: Region International | E46: GEW | F46: Wheeled Excavators | H46: >11T | I46: Zoomlion | J46: =_xlfn.XLOOKUP(UPPER(TRIM(I46)),Sheet19!$A:$A,Sheet19!$B:$B,"") -> ZOO | L46: P | M46: DES | N46: 10 | O46: 0 | P46: 0 | S46: =IF(COUNTIFS('OTH Preparationet 2024'!$D:$D,$C46,'OTH Preparationet 2024'!$H:$H,$F46,'OTH Preparationet 2024'!$M:$M,$H46,'OTH Preparationet 2024'!$L:$L,$J46,'OTH Preparationet 2024'!$Q:$Q,"")>0,1,0) -> 0
A47: GAE | B47: UAE | C47: UAE | D47: Region International | E47: WLO | F47: Wheel Loaders | H47: <12 | I47: Case | J47: =_xlfn.XLOOKUP(UPPER(TRIM(I47)),Sheet19!$A:$A,Sheet19!$B:$B,"") -> CAS | K47: Y | L47: P | M47: DES | N47: 1 | O47: 0 | P47: 0 | S47: =IF(COUNTIFS('OTH Preparationet 2024'!$D:$D,$C47,'OTH Preparationet 2024'!$H:$H,$F47,'OTH Preparationet 2024'!$M:$M,$H47,'OTH Preparationet 2024'!$L:$L,$J47,'OTH Preparationet 2024'!$Q:$Q,"")>0,1,0) -> 0
A48: GAE | B48: UAE | C48: UAE | D48: Region International | E48: WLO | F48: Wheel Loaders | H48: <12 | I48: Caterpillar Inc | J48: =_xlfn.XLOOKUP(UPPER(TRIM(I48)),Sheet19!$A:$A,Sheet19!$B:$B,"") | K48: Y | L48: P | M48: DES | N48: 14 | O48: 0 | P48: 0 | S48: =IF(COUNTIFS('OTH Preparationet 2024'!$D:$D,$C48,'OTH Preparationet 2024'!$H:$H,$F48,'OTH Preparationet 2024'!$M:$M,$H48,'OTH Preparationet 2024'!$L:$L,$J48,'OTH Preparationet 2024'!$Q:$Q,"")>0,1,0) -> 0
A49: GAE | B49: UAE | C49: UAE | D49: Region International | E49: WLO | F49: Wheel Loaders | H49: <12 | I49: Develon | J49: =_xlfn.XLOOKUP(UPPER(TRIM(I49)),Sheet19!$A:$A,Sheet19!$B:$B,"") -> DOO | K49: Y | L49: P | M49: DES | N49: 3 | O49: 0 | P49: 0 | S49: =IF(COUNTIFS('OTH Preparationet 2024'!$D:$D,$C49,'OTH Preparationet 2024'!$H:$H,$F49,'OTH Preparationet 2024'!$M:$M,$H49,'OTH Preparationet 2024'!$L:$L,$J49,'OTH Preparationet 2024'!$Q:$Q,"")>0,1,0) -> 0
A50: GAE | B50: UAE | C50: UAE | D50: Region International | E50: WLO | F50: Wheel Loaders | H50: <12 | I50: Hitachi | J50: =_xlfn.XLOOKUP(UPPER(TRIM(I50)),Sheet19!$A:$A,Sheet19!$B:$B,"") -> HIT | K50: Y | L50: P | M50: DES | N50: 2 | O50: 0 | P50: 0 | S50: =IF(COUNTIFS('OTH Preparationet 2024'!$D:$D,$C50,'OTH Preparationet 2024'!$H:$H,$F50,'OTH Preparationet 2024'!$M:$M,$H50,'OTH Preparationet 2024'!$L:$L,$J50,'OTH Preparationet 2024'!$Q:$Q,"")>0,1,0) -> 0
A51: GAE | B51: UAE | C51: UAE | D51: Region International | E51: WLO | F51: Wheel Loaders | H51: <12 | I51: Hyundai | J51: =_xlfn.XLOOKUP(UPPER(TRIM(I51)),Sheet19!$A:$A,Sheet19!$B:$B,"") -> HYU | K51: Y | L51: P | M51: DES | N51: 1 | O51: 0 | P51: 0 | S51: =IF(COUNTIFS('OTH Preparationet 2024'!$D:$D,$C51,'OTH Preparationet 2024'!$H:$H,$F51,'OTH Preparationet 2024'!$M:$M,$H51,'OTH Preparationet 2024'!$L:$L,$J51,'OTH Preparationet 2024'!$Q:$Q,"")>0,1,0) -> 0
A52: GAE | B52: UAE | C52: UAE | D52: Region International | E52: WLO | F52: Wheel Loaders | H52: <12 | I52: JCB | J52: =_xlfn.XLOOKUP(UPPER(TRIM(I52)),Sheet19!$A:$A,Sheet19!$B:$B,"") -> JCB | K52: Y | L52: P | M52: DES | N52: 1 | O52: 0 | P52: 0 | S52: =IF(COUNTIFS('OTH Preparationet 2024'!$D:$D,$C52,'OTH Preparationet 2024'!$H:$H,$F52,'OTH Preparationet 2024'!$M:$M,$H52,'OTH Preparationet 2024'!$L:$L,$J52,'OTH Preparationet 2024'!$Q:$Q,"")>0,1,0) -> 0
A53: GAE | B53: UAE | C53: UAE | D53: Region International | E53: WLO | F53: Wheel Loaders | H53: <12 | I53: Komatsu | J53: =_xlfn.XLOOKUP(UPPER(TRIM(I53)),Sheet19!$A:$A,Sheet19!$B:$B,"") -> KOM | K53: Y | L53: P | M53: DES | N53: 16 | O53: 0 | P53: 0 | S53: =IF(COUNTIFS('OTH Preparationet 2024'!$D:$D,$C53,'OTH Preparationet 2024'!$H:$H,$F53,'OTH Preparationet 2024'!$M:$M,$H53,'OTH Preparationet 2024'!$L:$L,$J53,'OTH Preparationet 2024'!$Q:$Q,"")>0,1,0) -> 0
A54: GAE | B54: UAE | C54: UAE | D54: Region International | E54: WLO | F54: Wheel Loaders | H54: <12 | I54: Liugong | J54: =_xlfn.XLOOKUP(UPPER(TRIM(I54)),Sheet19!$A:$A,Sheet19!$B:$B,"") -> LIU | K54: Y | L54: P | M54: DES | N54: 13 | O54: 0 | P54: 0 | S54: =IF(COUNTIFS('OTH Preparationet 2024'!$D:$D,$C54,'OTH Preparationet 2024'!$H:$H,$F54,'OTH Preparationet 2024'!$M:$M,$H54,'OTH Preparationet 2024'!$L:$L,$J54,'OTH Preparationet 2024'!$Q:$Q,"")>0,1,0) -> 0
A55: GAE | B55: UAE | C55: UAE | D55: Region International | E55: WLO | F55: Wheel Loaders | H55: <12 | I55: Sany | J55: =_xlfn.XLOOKUP(UPPER(TRIM(I55)),Sheet19!$A:$A,Sheet19!$B:$B,"") -> SNY | K55: Y | L55: P | M55: DES | N55: 7 | O55: 0 | P55: 0 | S55: =IF(COUNTIFS('OTH Preparationet 2024'!$D:$D,$C55,'OTH Preparationet 2024'!$H:$H,$F55,'OTH Preparationet 2024'!$M:$M,$H55,'OTH Preparationet 2024'!$L:$L,$J55,'OTH Preparationet 2024'!$Q:$Q,"")>0,1,0) -> 0
A56: GAE | B56: UAE | C56: UAE | D56: Region International | E56: WLO | F56: Wheel Loaders | H56: <12 | I56: XCMG | J56: =_xlfn.XLOOKUP(UPPER(TRIM(I56)),Sheet19!$A:$A,Sheet19!$B:$B,"") -> XCM | K56: Y | L56: P | M56: DES | N56: 17 | O56: 0 | P56: 0 | S56: =IF(COUNTIFS('OTH Preparationet 2024'!$D:$D,$C56,'OTH Preparationet 2024'!$H:$H,$F56,'OTH Preparationet 2024'!$M:$M,$H56,'OTH Preparationet 2024'!$L:$L,$J56,'OTH Preparationet 2024'!$Q:$Q,"")>0,1,0) -> 0
A57: GAE | B57: UAE | C57: UAE | D57: Region International | E57: WLO | F57: Wheel Loaders | H57: >12 | I57: Case | J57: =_xlfn.XLOOKUP(UPPER(TRIM(I57)),Sheet19!$A:$A,Sheet19!$B:$B,"") -> CAS | K57: Y | L57: P | M57: DES | N57: 10 | O57: 0 | P57: 0 | S57: =IF(COUNTIFS('OTH Preparationet 2024'!$D:$D,$C57,'OTH Preparationet 2024'!$H:$H,$F57,'OTH Preparationet 2024'!$M:$M,$H57,'OTH Preparationet 2024'!$L:$L,$J57,'OTH Preparationet 2024'!$Q:$Q,"")>0,1,0) -> 0
A58: GAE | B58: UAE | C58: UAE | D58: Region International | E58: WLO | F58: Wheel Loaders | H58: >12 | I58: Caterpillar Inc | J58: =_xlfn.XLOOKUP(UPPER(TRIM(I58)),Sheet19!$A:$A,Sheet19!$B:$B,"") | K58: Y | L58: P | M58: DES | N58: 211 | O58: 0 | P58: 0 | S58: =IF(COUNTIFS('OTH Preparationet 2024'!$D:$D,$C58,'OTH Preparationet 2024'!$H:$H,$F58,'OTH Preparationet 2024'!$M:$M,$H58,'OTH Preparationet 2024'!$L:$L,$J58,'OTH Preparationet 2024'!$Q:$Q,"")>0,1,0) -> 0
... A64: GAE | B64: UAE | C64: UAE | D64: Region International | E64: WLO | F64: Wheel Loaders | H64: >12 | I64: Liugong | J64: =_xlfn.XLOOKUP(UPPER(TRIM(I64)),Sheet19!$A:$A,Sheet19!$B:$B,"") -> LIU | K64: Y | L64: P | M64: DES | N64: 196 | O64: 0 | P64: 0 | S64: =IF(COUNTIFS('OTH Preparationet 2024'!$D:$D,$C64,'OTH Preparationet 2024'!$H:$H,$F64,'OTH Preparationet 2024'!$M:$M,$H64,'OTH Preparationet 2024'!$L:$L,$J64,'OTH Preparationet 2024'!$Q:$Q,"")>0,1,0) -> 0
A65: GAE | B65: UAE | C65: UAE | D65: Region International | E65: WLO | F65: Wheel Loaders | H65: >12 | I65: Lonking | J65: =_xlfn.XLOOKUP(UPPER(TRIM(I65)),Sheet19!$A:$A,Sheet19!$B:$B,"") -> LON | L65: P | M65: DES | N65: 20 | O65: 0 | P65: 0 | S65: =IF(COUNTIFS('OTH Preparationet 2024'!$D:$D,$C65,'OTH Preparationet 2024'!$H:$H,$F65,'OTH Preparationet 2024'!$M:$M,$H65,'OTH Preparationet 2024'!$L:$L,$J65,'OTH Preparationet 2024'!$Q:$Q,"")>0,1,0) -> 0
A66: GAE | B66: UAE | C66: UAE | D66: Region International | E66: WLO | F66: Wheel Loaders | H66: >12 | I66: Sany | J66: =_xlfn.XLOOKUP(UPPER(TRIM(I66)),Sheet19!$A:$A,Sheet19!$B:$B,"") -> SNY | K66: Y | L66: P | M66: DES | N66: 98 | O66: 0 | P66: 0 | S66: =IF(COUNTIFS('OTH Preparationet 2024'!$D:$D,$C66,'OTH Preparationet 2024'!$H:$H,$F66,'OTH Preparationet 2024'!$M:$M,$H66,'OTH Preparationet 2024'!$L:$L,$J66,'OTH Preparationet 2024'!$Q:$Q,"")>0,1,0) -> 0
A67: GAE | B67: UAE | C67: UAE | D67: Region International | E67: WLO | F67: Wheel Loaders | H67: >12 | I67: SDLG | J67: =_xlfn.XLOOKUP(UPPER(TRIM(I67)),Sheet19!$A:$A,Sheet19!$B:$B,"") -> LIN | K67: Y | L67: P | M67: DES | N67: 95 | O67: 0 | P67: 0 | S67: =IF(COUNTIFS('OTH Preparationet 2024'!$D:$D,$C67,'OTH Preparationet 2024'!$H:$H,$F67,'OTH Preparationet 2024'!$M:$M,$H67,'OTH Preparationet 2024'!$L:$L,$J67,'OTH Preparationet 2024'!$Q:$Q,"")>0,1,0) -> 0
A68: GAE | B68: UAE | C68: UAE | D68: Region International | E68: WLO | F68: Wheel Loaders | H68: >12 | I68: SEM | J68: =_xlfn.XLOOKUP(UPPER(TRIM(I68)),Sheet19!$A:$A,Sheet19!$B:$B,"") -> SEM | K68: Y | L68: P | M68: DES | N68: 20 | O68: 0 | P68: 0 | S68: =IF(COUNTIFS('OTH Preparationet 2024'!$D:$D,$C68,'OTH Preparationet 2024'!$H:$H,$F68,'OTH Preparationet 2024'!$M:$M,$H68,'OTH Preparationet 2024'!$L:$L,$J68,'OTH Preparationet 2024'!$Q:$Q,"")>0,1,0) -> 0
A69: GAE | B69: UAE | C69: UAE | D69: Region International | E69: WLO | F69: Wheel Loaders | H69: >12 | I69: Volvo | J69: =_xlfn.XLOOKUP(UPPER(TRIM(I69)),Sheet19!$A:$A,Sheet19!$B:$B,"") -> VCE | K69: Y | L69: P | M69: DES | N69: 59 | O69: 0 | P69: 0 | S69: =IF(COUNTIFS('OTH Preparationet 2024'!$D:$D,$C69,'OTH Preparationet 2024'!$H:$H,$F69,'OTH Preparationet 2024'!$M:$M,$H69,'OTH Preparationet 2024'!$L:$L,$J69,'OTH Preparationet 2024'!$Q:$Q,"")>0,1,0) -> 0
A70: GAE | B70: UAE | C70: UAE | D70: Region International | E70: WLO | F70: Wheel Loaders | H70: >12 | I70: XCMG | J70: =_xlfn.XLOOKUP(UPPER(TRIM(I70)),Sheet19!$A:$A,Sheet19!$B:$B,"") -> XCM | K70: Y | L70: P | M70: DES | N70: 205 | O70: 0 | P70: 0 | S70: =IF(COUNTIFS('OTH Preparationet 2024'!$D:$D,$C70,'OTH Preparationet 2024'!$H:$H,$F70,'OTH Preparationet 2024'!$M:$M,$H70,'OTH Preparationet 2024'!$L:$L,$J70,'OTH Preparationet 2024'!$Q:$Q,"")>0,1,0) -> 0
A71: GAR | B71: Argentina | C71: Argentina | D71: Region Latin America | E71: 330 | F71: Articulated Haulers | H71: # | I71: Bell | J71: =_xlfn.XLOOKUP(UPPER(TRIM(I71)),Sheet19!$A:$A,Sheet19!$B:$B,"") -> BEL | K71: Y | L71: P | M71: PIN | N71: 1 | O71: 0 | P71: 0 | S71: =IF(COUNTIFS('OTH Preparationet 2024'!$D:$D,$C71,'OTH Preparationet 2024'!$H:$H,$F71,'OTH Preparationet 2024'!$M:$M,$H71,'OTH Preparationet 2024'!$L:$L,$J71,'OTH Preparationet 2024'!$Q:$Q,"")>0,1,0) -> 0
A72: GAR | B72: Argentina | C72: Argentina | D72: Region Latin America | E72: 330 | F72: Articulated Haulers | H72: # | I72: Caterpillar Inc | J72: =_xlfn.XLOOKUP(UPPER(TRIM(I72)),Sheet19!$A:$A,Sheet19!$B:$B,"") | K72: Y | L72: P | M72: OHR | N72: 6 | O72: 0 | P72: 0 | S72: =IF(COUNTIFS('OTH Preparationet 2024'!$D:$D,$C72,'OTH Preparationet 2024'!$H:$H,$F72,'OTH Preparationet 2024'!$M:$M,$H72,'OTH Preparationet 2024'!$L:$L,$J72,'OTH Preparationet 2024'!$Q:$Q,"")>0,1,0) -> 0
A73: GAR | B73: Argentina | C73: Argentina | D73: Region Latin America | E73: 330 | F73: Articulated Haulers | H73: # | I73: Develon | J73: =_xlfn.XLOOKUP(UPPER(TRIM(I73)),Sheet19!$A:$A,Sheet19!$B:$B,"") -> DOO | K73: Y | L73: P | M73: PIN | N73: 2 | O73: 0 | P73: 0 | S73: =IF(COUNTIFS('OTH Preparationet 2024'!$D:$D,$C73,'OTH Preparationet 2024'!$H:$H,$F73,'OTH Preparationet 2024'!$M:$M,$H73,'OTH Preparationet 2024'!$L:$L,$J73,'OTH Preparationet 2024'!$Q:$Q,"")>0,1,0) -> 0
A74: GAR | B74: Argentina | C74: Argentina | D74: Region Latin America | E74: 330 | F74: Articulated Haulers | H74: # | I74: Liebherr | J74: =_xlfn.XLOOKUP(UPPER(TRIM(I74)),Sheet19!$A:$A,Sheet19!$B:$B,"") -> LIE | K74: Y | L74: P | M74: OHR | N74: 8 | O74: 0 | P74: 0 | S74: =IF(COUNTIFS('OTH Preparationet 2024'!$D:$D,$C74,'OTH Preparationet 2024'!$H:$H,$F74,'OTH Preparationet 2024'!$M:$M,$H74,'OTH Preparationet 2024'!$L:$L,$J74,'OTH Preparationet 2024'!$Q:$Q,"")>0,1,0) -> 0
A75: GAR | B75: Argentina | C75: Argentina | D75: Region Latin America | E75: 330 | F75: Articulated Haulers | H75: # | I75: Volvo | J75: =_xlfn.XLOOKUP(UPPER(TRIM(I75)),Sheet19!$A:$A,Sheet19!$B:$B,"") -> VCE | K75: Y | L75: P | M75: OHR | N75: 7 | O75: 0 | P75: 0 | S75: =IF(COUNTIFS('OTH Preparationet 2024'!$D:$D,$C75,'OTH Preparationet 2024'!$H:$H,$F75,'OTH Preparationet 2024'!$M:$M,$H75,'OTH Preparationet 2024'!$L:$L,$J75,'OTH Preparationet 2024'!$Q:$Q,"")>0,1,0) -> 0
A76: GAR | B76: Argentina | C76: Argentina | D76: Region Latin America | E76: 340 | F76: Rigid Haulers | H76: # | I76: Caterpillar Inc | J76: =_xlfn.XLOOKUP(UPPER(TRIM(I76)),Sheet19!$A:$A,Sheet19!$B:$B,"") | K76: Y | L76: P | M76: OHR | N76: 3 | O76: 0 | P76: 0 | S76: =IF(COUNTIFS('OTH Preparationet 2024'!$D:$D,$C76,'OTH Preparationet 2024'!$H:$H,$F76,'OTH Preparationet 2024'!$M:$M,$H76,'OTH Preparationet 2024'!$L:$L,$J76,'OTH Preparationet 2024'!$Q:$Q,"")>0,1,0) -> 0
A77: GAR | B77: Argentina | C77: Argentina | D77: Region Latin America | E77: 380 | F77: Motor Graders | H77: # | I77: Case | J77: =_xlfn.XLOOKUP(UPPER(TRIM(I77)),Sheet19!$A:$A,Sheet19!$B:$B,"") -> CAS | K77: Y | L77: P | M77: OHR | N77: 6 | O77: 0 | P77: 0 | S77: =IF(COUNTIFS('OTH Preparationet 2024'!$D:$D,$C77,'OTH Preparationet 2024'!$H:$H,$F77,'OTH Preparationet 2024'!$M:$M,$H77,'OTH Preparationet 2024'!$L:$L,$J77,'OTH Preparationet 2024'!$Q:$Q,"")>0,1,0) -> 0
... A83: GAR | B83: Argentina | C83: Argentina | D83: Region Latin America | E83: 380 | F83: Motor Graders | H83: # | I83: New Holland | J83: =_xlfn.XLOOKUP(UPPER(TRIM(I83)),Sheet19!$A:$A,Sheet19!$B:$B,"") -> NEW | K83: Y | L83: P | M83: OHR | N83: 16 | O83: 0 | P83: 0 | S83: =IF(COUNTIFS('OTH Preparationet 2024'!$D:$D,$C83,'OTH Preparationet 2024'!$H:$H,$F83,'OTH Preparationet 2024'!$M:$M,$H83,'OTH Preparationet 2024'!$L:$L,$J83,'OTH Preparationet 2024'!$Q:$Q,"")>0,1,0) -> 0
A84: GAR | B84: Argentina | C84: Argentina | D84: Region Latin America | E84: 380 | F84: Motor Graders | I84: OTN | J84: =_xlfn.XLOOKUP(UPPER(TRIM(I84)),Sheet19!$A:$A,Sheet19!$B:$B,"") -> OTN | L84: P | M84: OHR | N84: 17 | O84: 0 | P84: 0 | S84: =IF(COUNTIFS('OTH Preparationet 2024'!$D:$D,$C84,'OTH Preparationet 2024'!$H:$H,$F84,'OTH Preparationet 2024'!$M:$M,$H84,'OTH Preparationet 2024'!$L:$L,$J84,'OTH Preparationet 2024'!$Q:$Q,"")>0,1,0) -> 0
A85: GAR | B85: Argentina | C85: Argentina | D85: Region Latin America | E85: 380 | F85: Motor Graders | H85: # | I85: Sany | J85: =_xlfn.XLOOKUP(UPPER(TRIM(I85)),Sheet19!$A:$A,Sheet19!$B:$B,"") -> SNY | K85: Y | L85: P | M85: OHR | N85: 27 | O85: 0 | P85: 0 | S85: =IF(COUNTIFS('OTH Preparationet 2024'!$D:$D,$C85,'OTH Preparationet 2024'!$H:$H,$F85,'OTH Preparationet 2024'!$M:$M,$H85,'OTH Preparationet 2024'!$L:$L,$J85,'OTH Preparationet 2024'!$Q:$Q,"")>0,1,0) -> 0
A86: GAR | B86: Argentina | C86: Argentina | D86: Region Latin America | E86: 380 | F86: Motor Graders | H86: # | I86: SDLG | J86: =_xlfn.XLOOKUP(UPPER(TRIM(I86)),Sheet19!$A:$A,Sheet19!$B:$B,"") -> LIN | K86: Y | L86: P | M86: OHR | N86: 8 | O86: 0 | P86: 0 | S86: =IF(COUNTIFS('OTH Preparationet 2024'!$D:$D,$C86,'OTH Preparationet 2024'!$H:$H,$F86,'OTH Preparationet 2024'!$M:$M,$H86,'OTH Preparationet 2024'!$L:$L,$J86,'OTH Preparationet 2024'!$Q:$Q,"")>0,1,0) -> 0
A87: GAR | B87: Argentina | C87: Argentina | D87: Region Latin America | E87: 380 | F87: Motor Graders | H87: # | I87: Shantui | J87: =_xlfn.XLOOKUP(UPPER(TRIM(I87)),Sheet19!$A:$A,Sheet19!$B:$B,"") -> SBM | K87: Y | L87: P | M87: OHR | N87: 19 | O87: 0 | P87: 0 | S87: =IF(COUNTIFS('OTH Preparationet 2024'!$D:$D,$C87,'OTH Preparationet 2024'!$H:$H,$F87,'OTH Preparationet 2024'!$M:$M,$H87,'OTH Preparationet 2024'!$L:$L,$J87,'OTH Preparationet 2024'!$Q:$Q,"")>0,1,0) -> 0
A88: GAR | B88: Argentina | C88: Argentina | D88: Region Latin America | E88: 380 | F88: Motor Graders | I88: Sinomach | J88: =_xlfn.XLOOKUP(UPPER(TRIM(I88)),Sheet19!$A:$A,Sheet19!$B:$B,"") -> SIM | L88: P | M88: OHR | N88: 31 | O88: 0 | P88: 0 | S88: =IF(COUNTIFS('OTH Preparationet 2024'!$D:$D,$C88,'OTH Preparationet 2024'!$H:$H,$F88,'OTH Preparationet 2024'!$M:$M,$H88,'OTH Preparationet 2024'!$L:$L,$J88,'OTH Preparationet 2024'!$Q:$Q,"")>0,1,0) -> 0
A89: GAR | B89: Argentina | C89: Argentina | D89: Region Latin America | E89: 380 | F89: Motor Graders | H89: # | I89: XCMG | J89: =_xlfn.XLOOKUP(UPPER(TRIM(I89)),Sheet19!$A:$A,Sheet19!$B:$B,"") -> XCM | K89: Y | L89: P | M89: OHR | N89: 13 | O89: 0 | P89: 0 | S89: =IF(COUNTIFS('OTH Preparationet 2024'!$D:$D,$C89,'OTH Preparationet 2024'!$H:$H,$F89,'OTH Preparationet 2024'!$M:$M,$H89,'OTH Preparationet 2024'!$L:$L,$J89,'OTH Preparationet 2024'!$Q:$Q,"")>0,1,0) -> 0
A90: GAR | B90: Argentina | C90: Argentina | D90: Region Latin America | E90: 410 | F90: Backhoe Loaders | I90: Bobcat | J90: =_xlfn.XLOOKUP(UPPER(TRIM(I90)),Sheet19!$A:$A,Sheet19!$B:$B,"") -> BOB | L90: P | M90: OHR | N90: 10 | O90: 0 | P90: 0 | S90: =IF(COUNTIFS('OTH Preparationet 2024'!$D:$D,$C90,'OTH Preparationet 2024'!$H:$H,$F90,'OTH Preparationet 2024'!$M:$M,$H90,'OTH Preparationet 2024'!$L:$L,$J90,'OTH Preparationet 2024'!$Q:$Q,"")>0,1,0) -> 0
A91: GAR | B91: Argentina | C91: Argentina | D91: Region Latin America | E91: 410 | F91: Backhoe Loaders | I91: Bull | J91: =_xlfn.XLOOKUP(UPPER(TRIM(I91)),Sheet19!$A:$A,Sheet19!$B:$B,"") -> BUL | L91: P | M91: OHR | N91: 20 | O91: 0 | P91: 0 | S91: =IF(COUNTIFS('OTH Preparationet 2024'!$D:$D,$C91,'OTH Preparationet 2024'!$H:$H,$F91,'OTH Preparationet 2024'!$M:$M,$H91,'OTH Preparationet 2024'!$L:$L,$J91,'OTH Preparationet 2024'!$Q:$Q,"")>0,1,0) -> 0
A92: GAR | B92: Argentina | C92: Argentina | D92: Region Latin America | E92: 410 | F92: Backhoe Loaders | I92: Case | J92: =_xlfn.XLOOKUP(UPPER(TRIM(I92)),Sheet19!$A:$A,Sheet19!$B:$B,"") -> CAS | L92: P | M92: OHR | N92: 35 | O92: 0 | P92: 0 | S92: =IF(COUNTIFS('OTH Preparationet 2024'!$D:$D,$C92,'OTH Preparationet 2024'!$H:$H,$F92,'OTH Preparationet 2024'!$M:$M,$H92,'OTH Preparationet 2024'!$L:$L,$J92,'OTH Preparationet 2024'!$Q:$Q,"")>0,1,0) -> 0
A93: GAR | B93: Argentina | C93: Argentina | D93: Region Latin America | E93: 410 | F93: Backhoe Loaders | I93: Caterpillar Inc | J93: CAT | L93: P | M93: OHR | N93: 55 | O93: 0 | P93: 0 | S93: =IF(COUNTIFS('OTH Preparationet 2024'!$D:$D,$C93,'OTH Preparationet 2024'!$H:$H,$F93,'OTH Preparationet 2024'!$M:$M,$H93,'OTH Preparationet 2024'!$L:$L,$J93,'OTH Preparationet 2024'!$Q:$Q,"")>0,1,0) -> 0
A94: GAR | B94: Argentina | C94: Argentina | D94: Region Latin America | E94: 410 | F94: Backhoe Loaders | I94: Cukurova | J94: =_xlfn.XLOOKUP(UPPER(TRIM(I94)),Sheet19!$A:$A,Sheet19!$B:$B,"") -> CUK | L94: P | M94: OHR | N94: 5 | O94: 0 | P94: 0 | S94: =IF(COUNTIFS('OTH Preparationet 2024'!$D:$D,$C94,'OTH Preparationet 2024'!$H:$H,$F94,'OTH Preparationet 2024'!$M:$M,$H94,'OTH Preparationet 2024'!$L:$L,$J94,'OTH Preparationet 2024'!$Q:$Q,"")>0,1,0) -> 0
A95: GAR | B95: Argentina | C95: Argentina | D95: Region Latin America | E95: 410 | F95: Backhoe Loaders | I95: Deere | J95: =_xlfn.XLOOKUP(UPPER(TRIM(I95)),Sheet19!$A:$A,Sheet19!$B:$B,"") -> JOH | L95: P | M95: OHR | N95: 130 | O95: 0 | P95: 0 | S95: =IF(COUNTIFS('OTH Preparationet 2024'!$D:$D,$C95,'OTH Preparationet 2024'!$H:$H,$F95,'OTH Preparationet 2024'!$M:$M,$H95,'OTH Preparationet 2024'!$L:$L,$J95,'OTH Preparationet 2024'!$Q:$Q,"")>0,1,0) -> 0
A96: GAR | B96: Argentina | C96: Argentina | D96: Region Latin America | E96: 410 | F96: Backhoe Loaders | I96: Escorts | J96: =_xlfn.XLOOKUP(UPPER(TRIM(I96)),Sheet19!$A:$A,Sheet19!$B:$B,"") -> ECE | L96: P | M96: OHR | N96: 5 | O96: 0 | P96: 0 | S96: =IF(COUNTIFS('OTH Preparationet 2024'!$D:$D,$C96,'OTH Preparationet 2024'!$H:$H,$F96,'OTH Preparationet 2024'!$M:$M,$H96,'OTH Preparationet 2024'!$L:$L,$J96,'OTH Preparationet 2024'!$Q:$Q,"")>0,1,0) -> 0
A97: GAR | B97: Argentina | C97: Argentina | D97: Region Latin America | E97: 410 | F97: Backhoe Loaders | I97: Foton Lovol | J97: =_xlfn.XLOOKUP(UPPER(TRIM(I97)),Sheet19!$A:$A,Sheet19!$B:$B,"") -> FOL | L97: P | M97: OHR | N97: 20 | O97: 0 | P97: 0 | S97: =IF(COUNTIFS('OTH Preparationet 2024'!$D:$D,$C97,'OTH Preparationet 2024'!$H:$H,$F97,'OTH Preparationet 2024'!$M:$M,$H97,'OTH Preparationet 2024'!$L:$L,$J97,'OTH Preparationet 2024'!$Q:$Q,"")>0,1,0) -> 0
A98: GAR | B98: Argentina | C98: Argentina | D98: Region Latin America | E98: 410 | F98: Backhoe Loaders | I98: Gehl | J98: =_xlfn.XLOOKUP(UPPER(TRIM(I98)),Sheet19!$A:$A,Sheet19!$B:$B,"") -> GEH | L98: P | M98: OHR | N98: 25 | O98: 0 | P98: 0 | S98: =IF(COUNTIFS('OTH Preparationet 2024'!$D:$D,$C98,'OTH Preparationet 2024'!$H:$H,$F98,'OTH Preparationet 2024'!$M:$M,$H98,'OTH Preparationet 2024'!$L:$L,$J98,'OTH Preparationet 2024'!$Q:$Q,"")>0,1,0) -> 0
A99: GAR | B99: Argentina | C99: Argentina | D99: Region Latin America | E99: 410 | F99: Backhoe Loaders | I99: Hidromek | J99: =_xlfn.XLOOKUP(UPPER(TRIM(I99)),Sheet19!$A:$A,Sheet19!$B:$B,"") -> HID | L99: P | M99: OHR | N99: 15 | O99: 0 | P99: 0 | S99: =IF(COUNTIFS('OTH Preparationet 2024'!$D:$D,$C99,'OTH Preparationet 2024'!$H:$H,$F99,'OTH Preparationet 2024'!$M:$M,$H99,'OTH Preparationet 2024'!$L:$L,$J99,'OTH Preparationet 2024'!$Q:$Q,"")>0,1,0) -> 0
A100: GAR | B100: Argentina | C100: Argentina | D100: Region Latin America | E100: 410 | F100: Backhoe Loaders | I100: Hyundai | J100: =_xlfn.XLOOKUP(UPPER(TRIM(I100)),Sheet19!$A:$A,Sheet19!$B:$B,"") -> HYU | L100: P | M100: OHR | N100: 10 | O100: 0 | P100: 0 | S100: =IF(COUNTIFS('OTH Preparationet 2024'!$D:$D,$C100,'OTH Preparationet 2024'!$H:$H,$F100,'OTH Preparationet 2024'!$M:$M,$H100,'OTH Preparationet 2024'!$L:$L,$J100,'OTH Preparationet 2024'!$Q:$Q,"")>0,1,0) -> 0
A101: GAR | B101: Argentina | C101: Argentina | D101: Region Latin America | E101: 410 | F101: Backhoe Loaders | I101: JCB | J101: =_xlfn.XLOOKUP(UPPER(TRIM(I101)),Sheet19!$A:$A,Sheet19!$B:$B,"") -> JCB | L101: P | M101: OHR | N101: 63 | O101: 0 | P101: 0 | S101: =IF(COUNTIFS('OTH Preparationet 2024'!$D:$D,$C101,'OTH Preparationet 2024'!$H:$H,$F101,'OTH Preparationet 2024'!$M:$M,$H101,'OTH Preparationet 2024'!$L:$L,$J101,'OTH Preparationet 2024'!$Q:$Q,"")>0,1,0) -> 0
A102: GAR | B102: Argentina | C102: Argentina | D102: Region Latin America | E102: 410 | F102: Backhoe Loaders | I102: Komatsu | J102: =_xlfn.XLOOKUP(UPPER(TRIM(I102)),Sheet19!$A:$A,Sheet19!$B:$B,"") -> KOM | L102: P | M102: OHR | N102: 25 | O102: 0 | P102: 0 | S102: =IF(COUNTIFS('OTH Preparationet 2024'!$D:$D,$C102,'OTH Preparationet 2024'!$H:$H,$F102,'OTH Preparationet 2024'!$M:$M,$H102,'OTH Preparationet 2024'!$L:$L,$J102,'OTH Preparationet 2024'!$Q:$Q,"")>0,1,0) -> 0
A103: GAR | B103: Argentina | C103: Argentina | D103: Region Latin America | E103: 410 | F103: Backhoe Loaders | I103: Liangong | J103: =_xlfn.XLOOKUP(UPPER(TRIM(I103)),Sheet19!$A:$A,Sheet19!$B:$B,"") -> LIA | L103: P | M103: OHR | N103: 5 | O103: 0 | P103: 0 | S103: =IF(COUNTIFS('OTH Preparationet 2024'!$D:$D,$C103,'OTH Preparationet 2024'!$H:$H,$F103,'OTH Preparationet 2024'!$M:$M,$H103,'OTH Preparationet 2024'!$L:$L,$J103,'OTH Preparationet 2024'!$Q:$Q,"")>0,1,0) -> 0
A104: GAR | B104: Argentina | C104: Argentina | D104: Region Latin America | E104: 410 | F104: Backhoe Loaders | I104: Liugong | J104: =_xlfn.XLOOKUP(UPPER(TRIM(I104)),Sheet19!$A:$A,Sheet19!$B:$B,"") -> LIU | L104: P | M104: OHR | N104: 20 | O104: 0 | P104: 0 | S104: =IF(COUNTIFS('OTH Preparationet 2024'!$D:$D,$C104,'OTH Preparationet 2024'!$H:$H,$F104,'OTH Preparationet 2024'!$M:$M,$H104,'OTH Preparationet 2024'!$L:$L,$J104,'OTH Preparationet 2024'!$Q:$Q,"")>0,1,0) -> 0
A105: GAR | B105: Argentina | C105: Argentina | D105: Region Latin America | E105: 410 | F105: Backhoe Loaders | I105: Lonking | J105: =_xlfn.XLOOKUP(UPPER(TRIM(I105)),Sheet19!$A:$A,Sheet19!$B:$B,"") -> LON | L105: P | M105: OHR | N105: 10 | O105: 0 | P105: 0 | S105: =IF(COUNTIFS('OTH Preparationet 2024'!$D:$D,$C105,'OTH Preparationet 2024'!$H:$H,$F105,'OTH Preparationet 2024'!$M:$M,$H105,'OTH Preparationet 2024'!$L:$L,$J105,'OTH Preparationet 2024'!$Q:$Q,"")>0,1,0) -> 0
... A113: GAR | B113: Argentina | C113: Argentina | D113: Region Latin America | E113: 410 | F113: Backhoe Loaders | I113: XCMG | J113: =_xlfn.XLOOKUP(UPPER(TRIM(I113)),Sheet19!$A:$A,Sheet19!$B:$B,"") -> XCM | L113: P | M113: OHR | N113: 15 | O113: 0 | P113: 0 | S113: =IF(COUNTIFS('OTH Preparationet 2024'!$D:$D,$C113,'OTH Preparationet 2024'!$H:$H,$F113,'OTH Preparationet 2024'!$M:$M,$H113,'OTH Preparationet 2024'!$L:$L,$J113,'OTH Preparationet 2024'!$Q:$Q,"")>0,1,0) -> 0
A114: GAR | B114: Argentina | C114: Argentina | D114: Region Latin America | E114: CEX | F114: Compact Excavators | H114: 6<10T | I114: Jiahe | J114: =_xlfn.XLOOKUP(UPPER(TRIM(I114)),Sheet19!$A:$A,Sheet19!$B:$B,"") -> JIH | L114: P | M114: PIN | N114: 1 | O114: 0 | P114: 0 | S114: =IF(COUNTIFS('OTH Preparationet 2024'!$D:$D,$C114,'OTH Preparationet 2024'!$H:$H,$F114,'OTH Preparationet 2024'!$M:$M,$H114,'OTH Preparationet 2024'!$L:$L,$J114,'OTH Preparationet 2024'!$Q:$Q,"")>0,1,0) -> 1
A115: GAR | B115: Argentina | C115: Argentina | D115: Region Latin America | E115: CEX | F115: Compact Excavators | H115: 6<10T | I115: Shantui | J115: =_xlfn.XLOOKUP(UPPER(TRIM(I115)),Sheet19!$A:$A,Sheet19!$B:$B,"") -> SBM | K115: Y | L115: P | M115: PIN | N115: 2 | O115: 0 | P115: 0 | S115: =IF(COUNTIFS('OTH Preparationet 2024'!$D:$D,$C115,'OTH Preparationet 2024'!$H:$H,$F115,'OTH Preparationet 2024'!$M:$M,$H115,'OTH Preparationet 2024'!$L:$L,$J115,'OTH Preparationet 2024'!$Q:$Q,"")>0,1,0) -> 0
A116: GAR | B116: Argentina | C116: Argentina | D116: Region Latin America | E116: CEX | F116: Compact Excavators | H116: 6<10T | I116: XCMG | J116: =_xlfn.XLOOKUP(UPPER(TRIM(I116)),Sheet19!$A:$A,Sheet19!$B:$B,"") -> XCM | K116: Y | L116: P | M116: PIN | N116: 3 | O116: 0 | P116: 0 | S116: =IF(COUNTIFS('OTH Preparationet 2024'!$D:$D,$C116,'OTH Preparationet 2024'!$H:$H,$F116,'OTH Preparationet 2024'!$M:$M,$H116,'OTH Preparationet 2024'!$L:$L,$J116,'OTH Preparationet 2024'!$Q:$Q,"")>0,1,0) -> 0
A117: GAR | B117: Argentina | C117: Argentina | D117: Region Latin America | E117: CEX | F117: Compact Excavators | H117: <6T | I117: Bobcat | J117: =_xlfn.XLOOKUP(UPPER(TRIM(I117)),Sheet19!$A:$A,Sheet19!$B:$B,"") -> BOB | K117: Y | L117: P | M117: OHR | N117: 32 | O117: 0 | P117: 0 | S117: =IF(COUNTIFS('OTH Preparationet 2024'!$D:$D,$C117,'OTH Preparationet 2024'!$H:$H,$F117,'OTH Preparationet 2024'!$M:$M,$H117,'OTH Preparationet 2024'!$L:$L,$J117,'OTH Preparationet 2024'!$Q:$Q,"")>0,1,0) -> 0
A118: GAR | B118: Argentina | C118: Argentina | D118: Region Latin America | E118: CEX | F118: Compact Excavators | H118: <6T | I118: Deere | J118: =_xlfn.XLOOKUP(UPPER(TRIM(I118)),Sheet19!$A:$A,Sheet19!$B:$B,"") -> JOH | K118: Y | L118: P | M118: OHR | N118: 2 | O118: 0 | P118: 0 | S118: =IF(COUNTIFS('OTH Preparationet 2024'!$D:$D,$C118,'OTH Preparationet 2024'!$H:$H,$F118,'OTH Preparationet 2024'!$M:$M,$H118,'OTH Preparationet 2024'!$L:$L,$J118,'OTH Preparationet 2024'!$Q:$Q,"")>0,1,0) -> 0
A119: GAR | B119: Argentina | C119: Argentina | D119: Region Latin America | E119: CEX | F119: Compact Excavators | H119: <6T | I119: Everun | J119: =_xlfn.XLOOKUP(UPPER(TRIM(I119)),Sheet19!$A:$A,Sheet19!$B:$B,"") -> EVR | L119: P | M119: PIN | N119: 9 | O119: 0 | P119: 0 | S119: =IF(COUNTIFS('OTH Preparationet 2024'!$D:$D,$C119,'OTH Preparationet 2024'!$H:$H,$F119,'OTH Preparationet 2024'!$M:$M,$H119,'OTH Preparationet 2024'!$L:$L,$J119,'OTH Preparationet 2024'!$Q:$Q,"")>0,1,0) -> 1
A120: GAR | B120: Argentina | C120: Argentina | D120: Region Latin America | E120: CEX | F120: Compact Excavators | H120: <6T | I120: Foton Lovol | J120: =_xlfn.XLOOKUP(UPPER(TRIM(I120)),Sheet19!$A:$A,Sheet19!$B:$B,"") -> FOL | K120: Y | L120: P | M120: PIN | N120: 6 | O120: 0 | P120: 0 | S120: =IF(COUNTIFS('OTH Preparationet 2024'!$D:$D,$C120,'OTH Preparationet 2024'!$H:$H,$F120,'OTH Preparationet 2024'!$M:$M,$H120,'OTH Preparationet 2024'!$L:$L,$J120,'OTH Preparationet 2024'!$Q:$Q,"")>0,1,0) -> 0
A121: GAR | B121: Argentina | C121: Argentina | D121: Region Latin America | E121: CEX | F121: Compact Excavators | H121: <6T | I121: Hyundai | J121: =_xlfn.XLOOKUP(UPPER(TRIM(I121)),Sheet19!$A:$A,Sheet19!$B:$B,"") -> HYU | K121: Y | L121: P | M121: OHR | N121: 9 | O121: 0 | P121: 0 | S121: =IF(COUNTIFS('OTH Preparationet 2024'!$D:$D,$C121,'OTH Preparationet 2024'!$H:$H,$F121,'OTH Preparationet 2024'!$M:$M,$H121,'OTH Preparationet 2024'!$L:$L,$J121,'OTH Preparationet 2024'!$Q:$Q,"")>0,1,0) -> 0
A122: GAR | B122: Argentina | C122: Argentina | D122: Region Latin America | E122: CEX | F122: Compact Excavators | H122: <6T | I122: Jiahe | J122: =_xlfn.XLOOKUP(UPPER(TRIM(I122)),Sheet19!$A:$A,Sheet19!$B:$B,"") -> JIH | L122: P | M122: PIN | N122: 4 | O122: 0 | P122: 0 | S122: =IF(COUNTIFS('OTH Preparationet 2024'!$D:$D,$C122,'OTH Preparationet 2024'!$H:$H,$F122,'OTH Preparationet 2024'!$M:$M,$H122,'OTH Preparationet 2024'!$L:$L,$J122,'OTH Preparationet 2024'!$Q:$Q,"")>0,1,0) -> 1
A123: GAR | B123: Argentina | C123: Argentina | D123: Region Latin America | E123: CEX | F123: Compact Excavators | H123: <6T | I123: Kobelco | J123: =_xlfn.XLOOKUP(UPPER(TRIM(I123)),Sheet19!$A:$A,Sheet19!$B:$B,"") -> KOB | K123: Y | L123: P | M123: OHR | N123: 2 | O123: 0 | P123: 0 | S123: =IF(COUNTIFS('OTH Preparationet 2024'!$D:$D,$C123,'OTH Preparationet 2024'!$H:$H,$F123,'OTH Preparationet 2024'!$M:$M,$H123,'OTH Preparationet 2024'!$L:$L,$J123,'OTH Preparationet 2024'!$Q:$Q,"")>0,1,0) -> 0
A124: GAR | B124: Argentina | C124: Argentina | D124: Region Latin America | E124: CEX | F124: Compact Excavators | H124: <6T | I124: Liugong | J124: =_xlfn.XLOOKUP(UPPER(TRIM(I124)),Sheet19!$A:$A,Sheet19!$B:$B,"") -> LIU | K124: Y | L124: P | M124: OHR | N124: 7 | O124: 0 | P124: 0 | S124: =IF(COUNTIFS('OTH Preparationet 2024'!$D:$D,$C124,'OTH Preparationet 2024'!$H:$H,$F124,'OTH Preparationet 2024'!$M:$M,$H124,'OTH Preparationet 2024'!$L:$L,$J124,'OTH Preparationet 2024'!$Q:$Q,"")>0,1,0) -> 0
A125: GAR | B125: Argentina | C125: Argentina | D125: Region Latin America | E125: CEX | F125: Compact Excavators | H125: <6T | I125: Lonking | J125: =_xlfn.XLOOKUP(UPPER(TRIM(I125)),Sheet19!$A:$A,Sheet19!$B:$B,"") -> LON | L125: P | M125: OHR | N125: 3 | O125: 0 | P125: 0 | S125: =IF(COUNTIFS('OTH Preparationet 2024'!$D:$D,$C125,'OTH Preparationet 2024'!$H:$H,$F125,'OTH Preparationet 2024'!$M:$M,$H125,'OTH Preparationet 2024'!$L:$L,$J125,'OTH Preparationet 2024'!$Q:$Q,"")>0,1,0) -> 1
A126: GAR | B126: Argentina | C126: Argentina | D126: Region Latin America | E126: CEX | F126: Compact Excavators | H126: <6T | I126: OCN | J126: =_xlfn.XLOOKUP(UPPER(TRIM(I126)),Sheet19!$A:$A,Sheet19!$B:$B,"") -> OCN | L126: P | M126: OHR | N126: 18 | O126: 0 | P126: 0 | S126: =IF(COUNTIFS('OTH Preparationet 2024'!$D:$D,$C126,'OTH Preparationet 2024'!$H:$H,$F126,'OTH Preparationet 2024'!$M:$M,$H126,'OTH Preparationet 2024'!$L:$L,$J126,'OTH Preparationet 2024'!$Q:$Q,"")>0,1,0) -> 1
A127: GAR | B127: Argentina | C127: Argentina | D127: Region Latin America | E127: CEX | F127: Compact Excavators | H127: <6T | I127: OTN | J127: =_xlfn.XLOOKUP(UPPER(TRIM(I127)),Sheet19!$A:$A,Sheet19!$B:$B,"") -> OTN | L127: P | M127: OHR | N127: 38 | O127: 0 | P127: 0 | S127: =IF(COUNTIFS('OTH Preparationet 2024'!$D:$D,$C127,'OTH Preparationet 2024'!$H:$H,$F127,'OTH Preparationet 2024'!$M:$M,$H127,'OTH Preparationet 2024'!$L:$L,$J127,'OTH Preparationet 2024'!$Q:$Q,"")>0,1,0) -> 1
A128: GAR | B128: Argentina | C128: Argentina | D128: Region Latin America | E128: CEX | F128: Compact Excavators | H128: <6T | I128: Rippa China | J128: =_xlfn.XLOOKUP(UPPER(TRIM(I128)),Sheet19!$A:$A,Sheet19!$B:$B,"") -> CRM | L128: P | M128: PIN | N128: 3 | O128: 0 | P128: 0 | S128: =IF(COUNTIFS('OTH Preparationet 2024'!$D:$D,$C128,'OTH Preparationet 2024'!$H:$H,$F128,'OTH Preparationet 2024'!$M:$M,$H128,'OTH Preparationet 2024'!$L:$L,$J128,'OTH Preparationet 2024'!$Q:$Q,"")>0,1,0) -> 1
A129: GAR | B129: Argentina | C129: Argentina | D129: Region Latin America | E129: CEX | F129: Compact Excavators | H129: <6T | I129: Sany | J129: =_xlfn.XLOOKUP(UPPER(TRIM(I129)),Sheet19!$A:$A,Sheet19!$B:$B,"") -> SNY | K129: Y | L129: P | M129: OHR | N129: 14 | O129: 0 | P129: 0 | S129: =IF(COUNTIFS('OTH Preparationet 2024'!$D:$D,$C129,'OTH Preparationet 2024'!$H:$H,$F129,'OTH Preparationet 2024'!$M:$M,$H129,'OTH Preparationet 2024'!$L:$L,$J129,'OTH Preparationet 2024'!$Q:$Q,"")>0,1,0) -> 0
A130: GAR | B130: Argentina | C130: Argentina | D130: Region Latin America | E130: CEX | F130: Compact Excavators | H130: <6T | I130: Shandong Carter | J130: =_xlfn.XLOOKUP(UPPER(TRIM(I130)),Sheet19!$A:$A,Sheet19!$B:$B,"") -> CAR | L130: P | M130: OHR | N130: 33 | O130: 0 | P130: 0 | S130: =IF(COUNTIFS('OTH Preparationet 2024'!$D:$D,$C130,'OTH Preparationet 2024'!$H:$H,$F130,'OTH Preparationet 2024'!$M:$M,$H130,'OTH Preparationet 2024'!$L:$L,$J130,'OTH Preparationet 2024'!$Q:$Q,"")>0,1,0) -> 1
A131: GAR | B131: Argentina | C131: Argentina | D131: Region Latin America | E131: CEX | F131: Compact Excavators | H131: <6T | I131: Shandong Rhinoceros | J131: =_xlfn.XLOOKUP(UPPER(TRIM(I131)),Sheet19!$A:$A,Sheet19!$B:$B,"") -> SRH | L131: P | M131: PIN | N131: 12 | O131: 0 | P131: 0 | S131: =IF(COUNTIFS('OTH Preparationet 2024'!$D:$D,$C131,'OTH Preparationet 2024'!$H:$H,$F131,'OTH Preparationet 2024'!$M:$M,$H131,'OTH Preparationet 2024'!$L:$L,$J131,'OTH Preparationet 2024'!$Q:$Q,"")>0,1,0) -> 1
A132: GAR | B132: Argentina | C132: Argentina | D132: Region Latin America | E132: CEX | F132: Compact Excavators | H132: <6T | I132: Taurus | J132: =_xlfn.XLOOKUP(UPPER(TRIM(I132)),Sheet19!$A:$A,Sheet19!$B:$B,"") -> TAU | L132: P | M132: OHR | N132: 60 | O132: 0 | P132: 0 | S132: =IF(COUNTIFS('OTH Preparationet 2024'!$D:$D,$C132,'OTH Preparationet 2024'!$H:$H,$F132,'OTH Preparationet 2024'!$M:$M,$H132,'OTH Preparationet 2024'!$L:$L,$J132,'OTH Preparationet 2024'!$Q:$Q,"")>0,1,0) -> 1
A133: GAR | B133: Argentina | C133: Argentina | D133: Region Latin America | E133: CEX | F133: Compact Excavators | H133: <6T | I133: Volvo | J133: =_xlfn.XLOOKUP(UPPER(TRIM(I133)),Sheet19!$A:$A,Sheet19!$B:$B,"") -> VCE | K133: Y | L133: P | M133: OHR | N133: 7 | O133: 0 | P133: 0 | S133: =IF(COUNTIFS('OTH Preparationet 2024'!$D:$D,$C133,'OTH Preparationet 2024'!$H:$H,$F133,'OTH Preparationet 2024'!$M:$M,$H133,'OTH Preparationet 2024'!$L:$L,$J133,'OTH Preparationet 2024'!$Q:$Q,"")>0,1,0) -> 0
A134: GAR | B134: Argentina | C134: Argentina | D134: Region Latin America | E134: CEX | F134: Compact Excavators | H134: <6T | I134: Wacker Neuson | J134: =_xlfn.XLOOKUP(UPPER(TRIM(I134)),Sheet19!$A:$A,Sheet19!$B:$B,"") -> WAN | K134: Y | L134: P | M134: OHR | N134: 16 | O134: 0 | P134: 0 | S134: =IF(COUNTIFS('OTH Preparationet 2024'!$D:$D,$C134,'OTH Preparationet 2024'!$H:$H,$F134,'OTH Preparationet 2024'!$M:$M,$H134,'OTH Preparationet 2024'!$L:$L,$J134,'OTH Preparationet 2024'!$Q:$Q,"")>0,1,0) -> 0
...

Sheet OTH Preparationet 2024
A1: Year | B1: Source | C1: Country Code | D1: Country | E1: Country Grouping | F1: Region | G1: Market Area | H1: Machine Line Name | I1: Machine Line Code | J1: Artificial machine line | K1: Brand Name | L1: Brand Code | M1: Size Class Flag | N1: MS (%) | O1: Deletion flag | P1: Pri/Sec | Q1: Reporter flag | R1: FID
A2: 2024 | B2: DES | C2: AE | D2: UAE | E2: UAE | F2: Region International | G2: MA East | H2: Articulated Haulers | I2: 330 | J2: Articulated Haulers | K2: CATERPILLAR | L2: CAT | P2: P | Q2: Y | R2: 18
A3: 2024 | B3: DES | C3: AE | D3: UAE | E3: UAE | F3: Region International | G3: MA East | H3: Articulated Haulers | I3: 330 | J3: Articulated Haulers | K3: DEVELON | L3: DOO | P3: P | Q3: Y | R3: 4
A4: 2024 | B4: DES | C4: AE | D4: UAE | E4: UAE | F4: Region International | G4: MA East | H4: Articulated Haulers | I4: 330 | J4: Articulated Haulers | K4: KOMATSU | L4: KOM | P4: P | Q4: Y | R4: 80
A5: 2024 | B5: DES | C5: AE | D5: UAE | E5: UAE | F5: Region International | G5: MA East | H5: Articulated Haulers | I5: 330 | J5: Articulated Haulers | K5: VOLVO | L5: VCE | P5: P | Q5: Y | R5: 129
A6: 2024 | B6: DES | C6: AE | D6: UAE | E6: UAE | F6: Region International | G6: MA East | H6: Compact Excavators | I6: CEX | J6: CEX | K6: BOBCAT | L6: BOB | M6: <10T | P6: P | Q6: Y | R6: 13
A7: 2024 | B7: DES | C7: AE | D7: UAE | E7: UAE | F7: Region International | G7: MA East | H7: Compact Excavators | I7: CEX | J7: CEX | K7: CATERPILLAR | L7: CAT | M7: <10T | P7: P | Q7: Y | R7: 31
A8: 2024 | B8: DES | C8: AE | D8: UAE | E8: UAE | F8: Region International | G8: MA East | H8: Compact Excavators | I8: CEX | J8: CEX | K8: DEVELON | L8: DOO | M8: <10T | P8: P | Q8: Y | R8: 3
A9: 2024 | B9: DES | C9: AE | D9: UAE | E9: UAE | F9: Region International | G9: MA East | H9: Compact Excavators | I9: CEX | J9: CEX | K9: HITACHI | L9: HIT | M9: <10T | P9: P | Q9: Y | R9: 34
A10: 2024 | B10: DES | C10: AE | D10: UAE | E10: UAE | F10: Region International | G10: MA East | H10: Compact Excavators | I10: CEX | J10: CEX | K10: JCB | L10: JCB | M10: <10T | P10: P | Q10: Y | R10: 10
A11: 2024 | B11: DES | C11: AE | D11: UAE | E11: UAE | F11: Region International | G11: MA East | H11: Compact Excavators | I11: CEX | J11: CEX | K11: KOBELCO | L11: KOB | M11: <10T | P11: P | Q11: Y | R11: 25
A12: 2024 | B12: DES | C12: AE | D12: UAE | E12: UAE | F12: Region International | G12: MA East | H12: Compact Excavators | I12: CEX | J12: CEX | K12: LIUGONG | L12: LIU | M12: <10T | P12: P | Q12: Y | R12: 10
A13: 2024 | B13: DES | C13: AE | D13: UAE | E13: UAE | F13: Region International | G13: MA East | H13: Compact Excavators | I13: CEX | J13: CEX | K13: SANY | L13: SNY | M13: <10T | P13: P | Q13: Y | R13: 10
A14: 2024 | B14: DES | C14: AE | D14: UAE | E14: UAE | F14: Region International | G14: MA East | H14: Compact Excavators | I14: CEX | J14: CEX | K14: TAKEUCHI | L14: TAK | M14: <10T | P14: P | Q14: Y | R14: 53
A15: 2024 | B15: DES | C15: AE | D15: UAE | E15: UAE | F15: Region International | G15: MA East | H15: Compact Excavators | I15: CEX | J15: CEX | K15: VOLVO | L15: VCE | M15: <10T | P15: P | Q15: Y | R15: 3
A16: 2024 | B16: DES | C16: AE | D16: UAE | E16: UAE | F16: Region International | G16: MA East | H16: Compact Excavators | I16: CEX | J16: CEX | K16: WACKER NEUSON | L16: WAN | M16: <10T | P16: P | Q16: Y | R16: 53
A17: 2024 | B17: DES | C17: AE | D17: UAE | E17: UAE | F17: Region International | G17: MA East | H17: Compact Excavators | I17: CEX | J17: CEX | K17: YANMAR | L17: YAN | M17: <10T | P17: P | Q17: Y | R17: 50
A18: 2024 | B18: DES | C18: AE | D18: UAE | E18: UAE | F18: Region International | G18: MA East | H18: Compact Excavators | I18: CEX | J18: CEX | K18: ZOOMLION | L18: ZOO | M18: <10T | P18: P | Q18: Y | R18: 10
A19: 2024 | B19: DES | C19: AE | D19: UAE | E19: UAE | F19: Region International | G19: MA East | H19: Compact Wheel Loaders | I19: 350 | J19: WLO | K19: CASE | L19: CAS | M19: <12 | P19: P | Q19: Y | R19: 1
A20: 2024 | B20: DES | C20: AE | D20: UAE | E20: UAE | F20: Region International | G20: MA East | H20: Compact Wheel Loaders | I20: 350 | J20: WLO | K20: CATERPILLAR | L20: CAT | M20: <12 | P20: P | Q20: Y | R20: 14
A21: 2024 | B21: DES | C21: AE | D21: UAE | E21: UAE | F21: Region International | G21: MA East | H21: Compact Wheel Loaders | I21: 350 | J21: WLO | K21: DEVELON | L21: DOO | M21: <12 | P21: P | Q21: Y | R21: 3
A22: 2024 | B22: DES | C22: AE | D22: UAE | E22: UAE | F22: Region International | G22: MA East | H22: Compact Wheel Loaders | I22: 350 | J22: WLO | K22: HITACHI | L22: HIT | M22: <12 | P22: P | Q22: Y | R22: 2
A23: 2024 | B23: DES | C23: AE | D23: UAE | E23: UAE | F23: Region International | G23: MA East | H23: Compact Wheel Loaders | I23: 350 | J23: WLO | K23: HYUNDAI | L23: HYU | M23: <12 | P23: P | Q23: Y | R23: 1
A24: 2024 | B24: DES | C24: AE | D24: UAE | E24: UAE | F24: Region International | G24: MA East | H24: Compact Wheel Loaders | I24: 350 | J24: WLO | K24: JCB | L24: JCB | M24: <12 | P24: P | Q24: Y | R24: 1
A25: 2024 | B25: DES | C25: AE | D25: UAE | E25: UAE | F25: Region International | G25: MA East | H25: Compact Wheel Loaders | I25: 350 | J25: WLO | K25: KOMATSU | L25: KOM | M25: <12 | P25: P | Q25: Y | R25: 16
A26: 2024 | B26: DES | C26: AE | D26: UAE | E26: UAE | F26: Region International | G26: MA East | H26: Compact Wheel Loaders | I26: 350 | J26: WLO | K26: LIUGONG | L26: LIU | M26: <12 | P26: P | Q26: Y | R26: 13
A27: 2024 | B27: DES | C27: AE | D27: UAE | E27: UAE | F27: Region International | G27: MA East | H27: Compact Wheel Loaders | I27: 350 | J27: WLO | K27: SANY | L27: SNY | M27: <12 | P27: P | Q27: Y | R27: 7
A28: 2024 | B28: DES | C28: AE | D28: UAE | E28: UAE | F28: Region International | G28: MA East | H28: Compact Wheel Loaders | I28: 350 | J28: WLO | K28: XCMG | L28: XCM | M28: <12 | P28: P | Q28: Y | R28: 17
A29: 2024 | B29: DES | C29: AE | D29: UAE | E29: UAE | F29: Region International | G29: MA East | H29: Crawler Excavators | I29: GEC | J29: GEC | K29: CASE | L29: CAS | M29: >10T | P29: P | Q29: Y | R29: 2
A30: 2024 | B30: DES | C30: AE | D30: UAE | E30: UAE | F30: Region International | G30: MA East | H30: Crawler Excavators | I30: GEC | J30: GEC | K30: CATERPILLAR | L30: CAT | M30: >10T | P30: P | Q30: Y | R30: 212
A31: 2024 | B31: DES | C31: AE | D31: UAE | E31: UAE | F31: Region International | G31: MA East | H31: Crawler Excavators | I31: GEC | J31: GEC | K31: DEVELON | L31: DOO | M31: >10T | P31: P | Q31: Y | R31: 32
A32: 2024 | B32: DES | C32: AE | D32: UAE | E32: UAE | F32: Region International | G32: MA East | H32: Crawler Excavators | I32: GEC | J32: GEC | K32: HITACHI | L32: HIT | M32: >10T | P32: P | Q32: Y | R32: 74
A33: 2024 | B33: DES | C33: AE | D33: UAE | E33: UAE | F33: Region International | G33: MA East | H33: Crawler Excavators | I33: GEC | J33: GEC | K33: HYUNDAI | L33: HYU | M33: >10T | P33: P | Q33: Y | R33: 58
A34: 2024 | B34: DES | C34: AE | D34: UAE | E34: UAE | F34: Region International | G34: MA East | H34: Crawler Excavators | I34: GEC | J34: GEC | K34: JCB | L34: JCB | M34: >10T | P34: P | Q34: Y | R34: 53
A35: 2024 | B35: DES | C35: AE | D35: UAE | E35: UAE | F35: Region International | G35: MA East | H35: Crawler Excavators | I35: GEC | J35: GEC | K35: KOBELCO | L35: KOB | M35: >10T | P35: P | Q35: Y | R35: 82
A36: 2024 | B36: DES | C36: AE | D36: UAE | E36: UAE | F36: Region International | G36: MA East | H36: Crawler Excavators | I36: GEC | J36: GEC | K36: KOMATSU | L36: KOM | M36: >10T | P36: P | Q36: Y | R36: 387
A37: 2024 | B37: DES | C37: AE | D37: UAE | E37: UAE | F37: Region International | G37: MA East | H37: Crawler Excavators | I37: GEC | J37: GEC | K37: LIUGONG | L37: LIU | M37: >10T | P37: P | Q37: Y | R37: 53
A38: 2024 | B38: DES | C38: AE | D38: UAE | E38: UAE | F38: Region International | G38: MA East | H38: Crawler Excavators | I38: GEC | J38: GEC | K38: LONKING | L38: LON | M38: >10T | P38: P | R38: 10
A39: 2024 | B39: DES | C39: AE | D39: UAE | E39: UAE | F39: Region International | G39: MA East | H39: Crawler Excavators | I39: GEC | J39: GEC | K39: SANY | L39: SNY | M39: >10T | P39: P | Q39: Y | R39: 212
A40: 2024 | B40: DES | C40: AE | D40: UAE | E40: UAE | F40: Region International | G40: MA East | H40: Crawler Excavators | I40: GEC | J40: GEC | K40: SDLG | L40: LIN | M40: >10T | P40: P | Q40: Y | R40: 1
A41: 2024 | B41: DES | C41: AE | D41: UAE | E41: UAE | F41: Region International | G41: MA East | H41: Crawler Excavators | I41: GEC | J41: GEC | K41: SUNWARD | L41: SUN | M41: >10T | P41: P | Q41: Y | R41: 53
A42: 2024 | B42: DES | C42: AE | D42: UAE | E42: UAE | F42: Region International | G42: MA East | H42: Crawler Excavators | I42: GEC | J42: GEC | K42: VOLVO | L42: VCE | M42: >10T | P42: P | Q42: Y | R42: 50
A43: 2024 | B43: DES | C43: AE | D43: UAE | E43: UAE | F43: Region International | G43: MA East | H43: Crawler Excavators | I43: GEC | J43: GEC | K43: XCMG | L43: XCM | M43: >10T | P43: P | Q43: Y | R43: 212
A44: 2024 | B44: DES | C44: AE | D44: UAE | E44: UAE | F44: Region International | G44: MA East | H44: Crawler Excavators | I44: GEC | J44: GEC | K44: ZOOMLION | L44: ZOO | M44: >10T | P44: P | Q44: Y | R44: 212
A45: 2024 | B45: DES | C45: AE | D45: UAE | E45: UAE | F45: Region International | G45: MA East | H45: Rigid Haulers | I45: 340 | J45: Rigid Haulers | K45: KOMATSU | L45: KOM | P45: P | Q45: Y | R45: 106
A46: 2024 | B46: DES | C46: AE | D46: UAE | E46: UAE | F46: Region International | G46: MA East | H46: Rigid Haulers | I46: 340 | J46: Rigid Haulers | K46: SANY | L46: SNY | P46: P | Q46: Y | R46: 18
A47: 2024 | B47: DES | C47: AE | D47: UAE | E47: UAE | F47: Region International | G47: MA East | H47: Wheel Loaders | I47: WLO | J47: WLO | K47: CASE | L47: CAS | M47: >12 | P47: P | Q47: Y | R47: 10
A48: 2024 | B48: DES | C48: AE | D48: UAE | E48: UAE | F48: Region International | G48: MA East | H48: Wheel Loaders | I48: WLO | J48: WLO | K48: CATERPILLAR | L48: CAT | M48: >12 | P48: P | Q48: Y | R48: 211
A49: 2024 | B49: DES | C49: AE | D49: UAE | E49: UAE | F49: Region International | G49: MA East | H49: Wheel Loaders | I49: WLO | J49: WLO | K49: DEVELON | L49: DOO | M49: >12 | P49: P | Q49: Y | R49: 39
A50: 2024 | B50: DES | C50: AE | D50: UAE | E50: UAE | F50: Region International | G50: MA East | H50: Wheel Loaders | I50: WLO | J50: WLO | K50: HITACHI | L50: HIT | M50: >12 | P50: P | Q50: Y | R50: 30
A51: 2024 | B51: DES | C51: AE | D51: UAE | E51: UAE | F51: Region International | G51: MA East | H51: Wheel Loaders | I51: WLO | J51: WLO | K51: HYUNDAI | L51: HYU | M51: >12 | P51: P | Q51: Y | R51: 5
A52: 2024 | B52: DES | C52: AE | D52: UAE | E52: UAE | F52: Region International | G52: MA East | H52: Wheel Loaders | I52: WLO | J52: WLO | K52: JCB | L52: JCB | M52: >12 | P52: P | Q52: Y | R52: 15
A53: 2024 | B53: DES | C53: AE | D53: UAE | E53: UAE | F53: Region International | G53: MA East | H53: Wheel Loaders | I53: WLO | J53: WLO | K53: KOMATSU | L53: KOM | M53: >12 | P53: P | Q53: Y | R53: 230
A54: 2024 | B54: DES | C54: AE | D54: UAE | E54: UAE | F54: Region International | G54: MA East | H54: Wheel Loaders | I54: WLO | J54: WLO | K54: LIUGONG | L54: LIU | M54: >12 | P54: P | Q54: Y | R54: 196
A55: 2024 | B55: DES | C55: AE | D55: UAE | E55: UAE | F55: Region International | G55: MA East | H55: Wheel Loaders | I55: WLO | J55: WLO | K55: LONKING | L55: LON | M55: >12 | P55: P | R55: 20
A56: 2024 | B56: DES | C56: AE | D56: UAE | E56: UAE | F56: Region International | G56: MA East | H56: Wheel Loaders | I56: WLO | J56: WLO | K56: SANY | L56: SNY | M56: >12 | P56: P | Q56: Y | R56: 98
A57: 2024 | B57: DES | C57: AE | D57: UAE | E57: UAE | F57: Region International | G57: MA East | H57: Wheel Loaders | I57: WLO | J57: WLO | K57: SDLG | L57: LIN | M57: >12 | P57: P | Q57: Y | R57: 95
A58: 2024 | B58: DES | C58: AE | D58: UAE | E58: UAE | F58: Region International | G58: MA East | H58: Wheel Loaders | I58: WLO | J58: WLO | K58: SEM | L58: SEM | M58: >12 | P58: P | Q58: Y | R58: 20
A59: 2024 | B59: DES | C59: AE | D59: UAE | E59: UAE | F59: Region International | G59: MA East | H59: Wheel Loaders | I59: WLO | J59: WLO | K59: VOLVO | L59: VCE | M59: >12 | P59: P | Q59: Y | R59: 59
A60: 2024 | B60: DES | C60: AE | D60: UAE | E60: UAE | F60: Region International | G60: MA East | H60: Wheel Loaders | I60: WLO | J60: WLO | K60: XCMG | L60: XCM | M60: >12 | P60: P | Q60: Y | R60: 205
A61: 2024 | B61: DES | C61: AE | D61: UAE | E61: UAE | F61: Region International | G61: MA East | H61: Wheeled Excavators | I61: GEW | J61: GEW | K61: CATERPILLAR | L61: CAT | M61: >11T | P61: P | Q61: Y | R61: 22
A62: 2024 | B62: DES | C62: AE | D62: UAE | E62: UAE | F62: Region International | G62: MA East | H62: Wheeled Excavators | I62: GEW | J62: GEW | K62: DEVELON | L62: DOO | M62: >11T | P62: P | Q62: Y | R62: 22
A63: 2024 | B63: DES | C63: AE | D63: UAE | E63: UAE | F63: Region International | G63: MA East | H63: Wheeled Excavators | I63: GEW | J63: GEW | K63: HITACHI | L63: HIT | M63: >11T | P63: P | Q63: Y | R63: 16
A64: 2024 | B64: DES | C64: AE | D64: UAE | E64: UAE | F64: Region International | G64: MA East | H64: Wheeled Excavators | I64: GEW | J64: GEW | K64: HYUNDAI | L64: HYU | M64: >11T | P64: P | Q64: Y | R64: 30
A65: 2024 | B65: DES | C65: AE | D65: UAE | E65: UAE | F65: Region International | G65: MA East | H65: Wheeled Excavators | I65: GEW | J65: GEW | K65: JCB | L65: JCB | M65: >11T | P65: P | Q65: Y | R65: 22
A66: 2024 | B66: DES | C66: AE | D66: UAE | E66: UAE | F66: Region International | G66: MA East | H66: Wheeled Excavators | I66: GEW | J66: GEW | K66: LIUGONG | L66: LIU | M66: >11T | P66: P | Q66: Y | R66: 5
A67: 2024 | B67: DES | C67: AE | D67: UAE | E67: UAE | F67: Region International | G67: MA East | H67: Wheeled Excavators | I67: GEW | J67: GEW | K67: SANY | L67: SNY | M67: >11T | P67: P | Q67: Y | R67: 16
... A69: 2024 | B69: DES | C69: AE | D69: UAE | E69: UAE | F69: Region International | G69: MA East | H69: Wheeled Excavators | I69: GEW | J69: GEW | K69: XCMG | L69: XCM | M69: >11T | P69: P | Q69: Y | R69: 16
A70: 2024 | B70: DES | C70: AE | D70: UAE | E70: UAE | F70: Region International | G70: MA East | H70: Wheeled Excavators | I70: GEW | J70: GEW | K70: ZOOMLION | L70: ZOO | M70: >11T | P70: P | R70: 10
A71: 2024 | B71: PIN | C71: AR | D71: Argentina | E71: Argentina | F71: Region Latin America | G71: MA Argentina | H71: Articulated Haulers | I71: 330 | J71: Articulated Haulers | K71: BELL | L71: BEL | P71: S | Q71: Y | R71: 1
A72: 2024 | B72: OHR | C72: AR | D72: Argentina | E72: Argentina | F72: Region Latin America | G72: MA Argentina | H72: Articulated Haulers | I72: 330 | J72: Articulated Haulers | K72: CATERPILLAR | L72: CAT | P72: P | Q72: Y | R72: 6
A73: 2024 | B73: PIN | C73: AR | D73: Argentina | E73: Argentina | F73: Region Latin America | G73: MA Argentina | H73: Articulated Haulers | I73: 330 | J73: Articulated Haulers | K73: DEVELON | L73: DOO | P73: S | Q73: Y | R73: 2
A74: 2024 | B74: OHR | C74: AR | D74: Argentina | E74: Argentina | F74: Region Latin America | G74: MA Argentina | H74: Articulated Haulers | I74: 330 | J74: Articulated Haulers | K74: LIEBHERR | L74: LIE | P74: P | Q74: Y | R74: 8
A75: 2024 | B75: OHR | C75: AR | D75: Argentina | E75: Argentina | F75: Region Latin America | G75: MA Argentina | H75: Articulated Haulers | I75: 330 | J75: Articulated Haulers | K75: VOLVO | L75: VCE | P75: P | Q75: Y | R75: 7
A76: 2024 | B76: OHR | C76: AR | D76: Argentina | E76: Argentina | F76: Region Latin America | G76: MA Argentina | H76: Backhoe Loaders | I76: 410 | J76: Backhoe Loaders | K76: BOBCAT | L76: BOB | P76: P | R76: 10
A77: 2024 | B77: OHR | C77: AR | D77: Argentina | E77: Argentina | F77: Region Latin America | G77: MA Argentina | H77: Backhoe Loaders | I77: 410 | J77: Backhoe Loaders | K77: BULL | L77: BUL | P77: P | R77: 20
A78: 2024 | B78: OHR | C78: AR | D78: Argentina | E78: Argentina | F78: Region Latin America | G78: MA Argentina | H78: Backhoe Loaders | I78: 410 | J78: Backhoe Loaders | K78: CASE | L78: CAS | P78: P | R78: 35
A79: 2024 | B79: OHR | C79: AR | D79: Argentina | E79: Argentina | F79: Region Latin America | G79: MA Argentina | H79: Backhoe Loaders | I79: 410 | J79: Backhoe Loaders | K79: CATERPILLAR | L79: CAT | P79: P | R79: 55
A80: 2024 | B80: OHR | C80: AR | D80: Argentina | E80: Argentina | F80: Region Latin America | G80: MA Argentina | H80: Backhoe Loaders | I80: 410 | J80: Backhoe Loaders | K80: CUKUROVA | L80: CUK | P80: P | R80: 5
A81: 2024 | B81: OHR | C81: AR | D81: Argentina | E81: Argentina | F81: Region Latin America | G81: MA Argentina | H81: Backhoe Loaders | I81: 410 | J81: Backhoe Loaders | K81: DEERE | L81: JOH | P81: P | R81: 130
A82: 2024 | B82: OHR | C82: AR | D82: Argentina | E82: Argentina | F82: Region Latin America | G82: MA Argentina | H82: Backhoe Loaders | I82: 410 | J82: Backhoe Loaders | K82: ESCORTS | L82: ECE | P82: P | R82: 5
A83: 2024 | B83: OHR | C83: AR | D83: Argentina | E83: Argentina | F83: Region Latin America | G83: MA Argentina | H83: Backhoe Loaders | I83: 410 | J83: Backhoe Loaders | K83: FOTON LOVOL | L83: FOL | P83: P | R83: 20
A84: 2024 | B84: OHR | C84: AR | D84: Argentina | E84: Argentina | F84: Region Latin America | G84: MA Argentina | H84: Backhoe Loaders | I84: 410 | J84: Backhoe Loaders | K84: GEHL | L84: GEH | P84: P | R84: 25
A85: 2024 | B85: OHR | C85: AR | D85: Argentina | E85: Argentina | F85: Region Latin America | G85: MA Argentina | H85: Backhoe Loaders | I85: 410 | J85: Backhoe Loaders | K85: HIDROMEK | L85: HID | P85: P | R85: 15
A86: 2024 | B86: OHR | C86: AR | D86: Argentina | E86: Argentina | F86: Region Latin America | G86: MA Argentina | H86: Backhoe Loaders | I86: 410 | J86: Backhoe Loaders | K86: HYUNDAI | L86: HYU | P86: P | R86: 10
A87: 2024 | B87: OHR | C87: AR | D87: Argentina | E87: Argentina | F87: Region Latin America | G87: MA Argentina | H87: Backhoe Loaders | I87: 410 | J87: Backhoe Loaders | K87: JCB | L87: JCB | P87: P | R87: 63
... A99: 2024 | B99: OHR | C99: AR | D99: Argentina | E99: Argentina | F99: Region Latin America | G99: MA Argentina | H99: Backhoe Loaders | I99: 410 | J99: Backhoe Loaders | K99: XCMG | L99: XCM | P99: P | R99: 15
A100: 2024 | B100: OHR | C100: AR | D100: Argentina | E100: Argentina | F100: Region Latin America | G100: MA Argentina | H100: Compact Excavators | I100: CEX | J100: CEX | K100: BOBCAT | L100: BOB | M100: <6T | P100: P | Q100: Y | R100: 32
A101: 2024 | B101: OHR | C101: AR | D101: Argentina | E101: Argentina | F101: Region Latin America | G101: MA Argentina | H101: Compact Excavators | I101: CEX | J101: CEX | K101: DEERE | L101: JOH | M101: <6T | P101: P | Q101: Y | R101: 2
A102: 2024 | B102: PIN | C102: AR | D102: Argentina | E102: Argentina | F102: Region Latin America | G102: MA Argentina | H102: Compact Excavators | I102: CEX | J102: CEX | K102: EVERUN | L102: EVR | M102: <6T | P102: S | R102: 9
A103: 2024 | B103: PIN | C103: AR | D103: Argentina | E103: Argentina | F103: Region Latin America | G103: MA Argentina | H103: Compact Excavators | I103: CEX | J103: CEX | K103: FOTON LOVOL | L103: FOL | M103: <6T | P103: S | Q103: Y | R103: 6
A104: 2024 | B104: OHR | C104: AR | D104: Argentina | E104: Argentina | F104: Region Latin America | G104: MA Argentina | H104: Compact Excavators | I104: CEX | J104: CEX | K104: HYUNDAI | L104: HYU | M104: <6T | P104: P | Q104: Y | R104: 9
A105: 2024 | B105: PIN | C105: AR | D105: Argentina | E105: Argentina | F105: Region Latin America | G105: MA Argentina | H105: Compact Excavators | I105: CEX | J105: CEX | K105: JIAHE | L105: JIH | M105: 6<10T | P105: S | R105: 1
A106: 2024 | B106: PIN | C106: AR | D106: Argentina | E106: Argentina | F106: Region Latin America | G106: MA Argentina | H106: Compact Excavators | I106: CEX | J106: CEX | K106: JIAHE | L106: JIH | M106: <6T | P106: S | R106: 4
A107: 2024 | B107: OHR | C107: AR | D107: Argentina | E107: Argentina | F107: Region Latin America | G107: MA Argentina | H107: Compact Excavators | I107: CEX | J107: CEX | K107: KOBELCO | L107: KOB | M107: <6T | P107: P | Q107: Y | R107: 2
A108: 2024 | B108: OHR | C108: AR | D108: Argentina | E108: Argentina | F108: Region Latin America | G108: MA Argentina | H108: Compact Excavators | I108: CEX | J108: CEX | K108: LIUGONG | L108: LIU | M108: <6T | P108: P | Q108: Y | R108: 7
A109: 2024 | B109: OHR | C109: AR | D109: Argentina | E109: Argentina | F109: Region Latin America | G109: MA Argentina | H109: Compact Excavators | I109: CEX | J109: CEX | K109: LONKING | L109: LON | M109: <6T | P109: P | R109: 3
A110: 2024 | B110: OHR | C110: AR | D110: Argentina | E110: Argentina | F110: Region Latin America | G110: MA Argentina | H110: Compact Excavators | I110: CEX | J110: CEX | K110: OCN | L110: OCN | M110: <6T | P110: P | R110: 18
A111: 2024 | B111: OHR | C111: AR | D111: Argentina | E111: Argentina | F111: Region Latin America | G111: MA Argentina | H111: Compact Excavators | I111: CEX | J111: CEX | K111: OTN | L111: OTN | M111: <6T | P111: P | R111: 38
A112: 2024 | B112: PIN | C112: AR | D112: Argentina | E112: Argentina | F112: Region Latin America | G112: MA Argentina | H112: Compact Excavators | I112: CEX | J112: CEX | K112: RIPPA CHINA | L112: CRM | M112: <6T | P112: S | R112: 3
...

Sheet Sheet19
A1: LONKING | B1: LON | C1: LONKING | D1: Matched
A2: LONKING | B2: LON | C2: LONKING | D2: Matched
A3: ZOOMLION | B3: ZOO | C3: ZOOMLION | D3: Matched
A4: BOBCAT | B4: BOB | C4: BOBCAT | D4: Matched
A5: BULL | B5: BUL | C5: BULL | D5: Matched
A6: CASE | B6: CAS | C6: CASE | D6: Matched
A7: CATERPILLAR | B7: CAT | C7: CATERPILLAR | D7: Matched
A8: CUKUROVA | B8: CUK | C8: CUKUROVA | D8: Matched
A9: DEERE | B9: JOH | C9: DEERE | D9: Matched
A10: ESCORTS | B10: ECE | C10: ESCORTS | D10: Matched
A11: FOTON LOVOL | B11: FOL | C11: FOTON LOVOL | D11: Matched
A12: GEHL | B12: GEH | C12: GEHL | D12: Matched
... A943: ZOOMLION | B943: ZOO | C943: ZOOMLION | D943: Matched

Sheet source matrix 2024 2
A1: country_grouping | B1: country_name | C1: machine_line_code | D1: machine_line_name | E1: Artificial machine line | F1: primary_source | G1: secondary_source | H1: crp_source | I1: change_indicator
A2: GCR | B2: Costa Rica | C2: 300 | D2: Compact Excavators | E2: CEX | F2: PIN | H2: HVE
A3: GCR | B3: Costa Rica | C3: 310 | D3: GPE Crawler Excavators | E3: GEC | F3: PIN | H3: HVE
A4: GCR | B4: Costa Rica | C4: 320 | D4: GPE Wheel Excavators | E4: GEW | F4: PIN | H4: HVE
A5: GCR | B5: Costa Rica | C5: 330 | D5: Articulated Haulers | E5: Articulated Haulers | F5: PIN | H5: HVE
A6: GCR | B6: Costa Rica | C6: 340 | D6: Rigid Haulers | E6: Rigid Haulers | F6: PIN | H6: HVE
A7: GCR | B7: Costa Rica | C7: 350 | D7: Compact Wheel Loaders | E7: WLO | F7: PIN | H7: HVE
A8: GCR | B8: Costa Rica | C8: 360 | D8: GPE Wheel Loaders | E8: WLO | F8: PIN | H8: HVE
A9: GCR | B9: Costa Rica | C9: 380 | D9: Motor Graders | E9: Motor Graders | F9: PIN | H9: HVE
A10: GCR | B10: Costa Rica | C10: 390 | D10: Compaction Machines | E10: Compaction Machines | F10: PIN
A11: GCR | B11: Costa Rica | C11: 410 | D11: Backhoe Loaders | E11: Backhoe Loaders | F11: PIN
A12: GEC | B12: Ecuador | C12: 300 | D12: Compact Excavators | E12: CEX | F12: PIN | H12: HVE
A13: GEC | B13: Ecuador | C13: 310 | D13: GPE Crawler Excavators | E13: GEC | F13: PIN | H13: HVE
A14: GEC | B14: Ecuador | C14: 320 | D14: GPE Wheel Excavators | E14: GEW | F14: PIN | H14: HVE
A15: GEC | B15: Ecuador | C15: 330 | D15: Articulated Haulers | E15: Articulated Haulers | F15: PIN | H15: HVE
A16: GEC | B16: Ecuador | C16: 340 | D16: Rigid Haulers | E16: Rigid Haulers | F16: PIN | H16: HVE
A17: GEC | B17: Ecuador | C17: 350 | D17: Compact Wheel Loaders | E17: WLO | F17: PIN | H17: HVE
A18: GEC | B18: Ecuador | C18: 360 | D18: GPE Wheel Loaders | E18: WLO | F18: PIN | H18: HVE
A19: GEC | B19: Ecuador | C19: 380 | D19: Motor Graders | E19: Motor Graders | F19: PIN | H19: HVE
A20: GEC | B20: Ecuador | C20: 390 | D20: Compaction Machines | E20: Compaction Machines | F20: PIN
A21: GEC | B21: Ecuador | C21: 410 | D21: Backhoe Loaders | E21: Backhoe Loaders | F21: PIN
A22: GGR | B22: Greece | C22: 300 | D22: Compact Excavators | E22: CEX | F22: OHR | H22: CEE
A23: GGR | B23: Greece | C23: 310 | D23: GPE Crawler Excavators | E23: GEC | F23: OHR | H23: CEE
A24: GGR | B24: Greece | C24: 320 | D24: GPE Wheel Excavators | E24: GEW | F24: OHR | H24: CEE
A25: GGR | B25: Greece | C25: 330 | D25: Articulated Haulers | E25: Articulated Haulers | F25: OHR | H25: CEE
A26: GGR | B26: Greece | C26: 340 | D26: Rigid Haulers | E26: Rigid Haulers | F26: OHR | H26: CEE
A27: GGR | B27: Greece | C27: 350 | D27: Compact Wheel Loaders | E27: WLO | F27: OHR | H27: CEE
A28: GGR | B28: Greece | C28: 360 | D28: GPE Wheel Loaders | E28: WLO | F28: OHR | H28: CEE
A29: GGR | B29: Greece | C29: 380 | D29: Motor Graders | E29: Motor Graders | F29: OHR | H29: CEE
A30: GGR | B30: Greece | C30: 390 | D30: Compaction Machines | E30: Compaction Machines
A31: GGT | B31: Guatemala | C31: 300 | D31: Compact Excavators | E31: CEX | F31: PIN | H31: HVE
A32: GGT | B32: Guatemala | C32: 310 | D32: GPE Crawler Excavators | E32: GEC | F32: PIN | H32: HVE
A33: GGT | B33: Guatemala | C33: 320 | D33: GPE Wheel Excavators | E33: GEW | F33: PIN | H33: HVE
A34: GGT | B34: Guatemala | C34: 330 | D34: Articulated Haulers | E34: Articulated Haulers | F34: PIN | H34: HVE
A35: GGT | B35: Guatemala | C35: 340 | D35: Rigid Haulers | E35: Rigid Haulers | F35: PIN | H35: HVE
A36: GGT | B36: Guatemala | C36: 350 | D36: Compact Wheel Loaders | E36: WLO | F36: PIN | H36: HVE
A37: GGT | B37: Guatemala | C37: 360 | D37: GPE Wheel Loaders | E37: WLO | F37: PIN | H37: HVE
A38: GGT | B38: Guatemala | C38: 380 | D38: Motor Graders | E38: Motor Graders | F38: PIN | H38: HVE
A39: GGT | B39: Guatemala | C39: 390 | D39: Compaction Machines | E39: Compaction Machines | F39: PIN
A40: GGT | B40: Guatemala | C40: 410 | D40: Backhoe Loaders | E40: Backhoe Loaders | F40: PIN
A41: GNI | B41: Nicaragua | C41: 300 | D41: Compact Excavators | E41: CEX | F41: PIN | H41: HVE
A42: GNI | B42: Nicaragua | C42: 310 | D42: GPE Crawler Excavators | E42: GEC | F42: PIN | H42: HVE
A43: GNI | B43: Nicaragua | C43: 320 | D43: GPE Wheel Excavators | E43: GEW | F43: PIN | H43: HVE
A44: GNI | B44: Nicaragua | C44: 330 | D44: Articulated Haulers | E44: Articulated Haulers | F44: PIN | H44: HVE
A45: GNI | B45: Nicaragua | C45: 340 | D45: Rigid Haulers | E45: Rigid Haulers | F45: PIN | H45: HVE
A46: GNI | B46: Nicaragua | C46: 350 | D46: Compact Wheel Loaders | E46: WLO | F46: PIN | H46: HVE
A47: GNI | B47: Nicaragua | C47: 360 | D47: GPE Wheel Loaders | E47: WLO | F47: PIN | H47: HVE
A48: GNI | B48: Nicaragua | C48: 380 | D48: Motor Graders | E48: Motor Graders | F48: PIN | H48: HVE
A49: GNI | B49: Nicaragua | C49: 390 | D49: Compaction Machines | E49: Compaction Machines | F49: PIN
A50: GNI | B50: Nicaragua | C50: 410 | D50: Backhoe Loaders | E50: Backhoe Loaders | F50: PIN
A51: GPA | B51: Panama | C51: 300 | D51: Compact Excavators | E51: CEX | F51: PIN | H51: HVE
A52: GPA | B52: Panama | C52: 310 | D52: GPE Crawler Excavators | E52: GEC | F52: PIN | H52: HVE
A53: GPA | B53: Panama | C53: 320 | D53: GPE Wheel Excavators | E53: GEW | F53: PIN | H53: HVE
A54: GPA | B54: Panama | C54: 330 | D54: Articulated Haulers | E54: Articulated Haulers | F54: PIN | H54: HVE
A55: GPA | B55: Panama | C55: 340 | D55: Rigid Haulers | E55: Rigid Haulers | F55: PIN | H55: HVE
A56: GPA | B56: Panama | C56: 350 | D56: Compact Wheel Loaders | E56: WLO | F56: PIN | H56: HVE
A57: GPA | B57: Panama | C57: 360 | D57: GPE Wheel Loaders | E57: WLO | F57: PIN | H57: HVE
A58: GPA | B58: Panama | C58: 380 | D58: Motor Graders | E58: Motor Graders | F58: PIN | H58: HVE
A59: GPA | B59: Panama | C59: 390 | D59: Compaction Machines | E59: Compaction Machines | F59: PIN
A60: GPA | B60: Panama | C60: 410 | D60: Backhoe Loaders | E60: Backhoe Loaders | F60: PIN
A61: GPY | B61: Paraguay | C61: 300 | D61: Compact Excavators | E61: CEX | F61: PIN | H61: HVE
A62: GPY | B62: Paraguay | C62: 310 | D62: GPE Crawler Excavators | E62: GEC | F62: PIN | H62: HVE
A63: GPY | B63: Paraguay | C63: 320 | D63: GPE Wheel Excavators | E63: GEW | F63: PIN | H63: HVE
A64: GPY | B64: Paraguay | C64: 330 | D64: Articulated Haulers | E64: Articulated Haulers | F64: PIN | H64: HVE
A65: GPY | B65: Paraguay | C65: 340 | D65: Rigid Haulers | E65: Rigid Haulers | F65: PIN | H65: HVE
A66: GPY | B66: Paraguay | C66: 350 | D66: Compact Wheel Loaders | E66: WLO | F66: PIN | H66: HVE
A67: GPY | B67: Paraguay | C67: 360 | D67: GPE Wheel Loaders | E67: WLO | F67: PIN | H67: HVE
A68: GPY | B68: Paraguay | C68: 380 | D68: Motor Graders | E68: Motor Graders | F68: PIN | H68: HVE
A69: GPY | B69: Paraguay | C69: 390 | D69: Compaction Machines | E69: Compaction Machines | F69: PIN
A70: GPY | B70: Paraguay | C70: 410 | D70: Backhoe Loaders | E70: Backhoe Loaders | F70: PIN
A71: GUY | B71: Uruguay | C71: 300 | D71: Compact Excavators | E71: CEX | F71: PIN | H71: HVE
A72: GUY | B72: Uruguay | C72: 310 | D72: GPE Crawler Excavators | E72: GEC | F72: PIN | H72: HVE
A73: GUY | B73: Uruguay | C73: 320 | D73: GPE Wheel Excavators | E73: GEW | F73: PIN | H73: HVE
A74: GUY | B74: Uruguay | C74: 330 | D74: Articulated Haulers | E74: Articulated Haulers | F74: PIN | H74: HVE
A75: GUY | B75: Uruguay | C75: 340 | D75: Rigid Haulers | E75: Rigid Haulers | F75: PIN | H75: HVE
A76: GUY | B76: Uruguay | C76: 350 | D76: Compact Wheel Loaders | E76: WLO | F76: PIN | H76: HVE
A77: GUY | B77: Uruguay | C77: 360 | D77: GPE Wheel Loaders | E77: WLO | F77: PIN | H77: HVE
A78: GUY | B78: Uruguay | C78: 380 | D78: Motor Graders | E78: Motor Graders | F78: PIN | H78: HVE
A79: GUY | B79: Uruguay | C79: 390 | D79: Compaction Machines | E79: Compaction Machines | F79: PIN
A80: GUY | B80: Uruguay | C80: 410 | D80: Backhoe Loaders | E80: Backhoe Loaders | F80: PIN
A81: GTL | B81: Timor-Leste | C81: 330 | D81: Articulated Haulers | E81: Articulated Haulers | F81: DES | H81: HVE
A82: GTL | B82: Timor-Leste | C82: 410 | D82: Backhoe Loaders | E82: Backhoe Loaders | F82: DES
A83: GTL | B83: Timor-Leste | C83: 300 | D83: Compact Excavators | E83: CEX | F83: DES | H83: HVE
A84: GTL | B84: Timor-Leste | C84: 350 | D84: Compact Wheel Loaders | E84: WLO | F84: DES | H84: HVE
A85: GTL | B85: Timor-Leste | C85: 310 | D85: GPE Crawler Excavators | E85: GEC | F85: DES | H85: HVE
A86: GTL | B86: Timor-Leste | C86: 320 | D86: GPE Wheel Excavators | E86: GEW | F86: DES | H86: HVE
A87: GTL | B87: Timor-Leste | C87: 360 | D87: GPE Wheel Loaders | E87: WLO | F87: DES | H87: HVE
A88: GTL | B88: Timor-Leste | C88: 380 | D88: Motor Graders | E88: Motor Graders | F88: DES | H88: HVE
A89: GTL | B89: Timor-Leste | C89: 390 | D89: Compaction Machines | E89: Compaction Machines | F89: DES
A90: GTL | B90: Timor-Leste | C90: 340 | D90: Rigid Haulers | E90: Rigid Haulers | F90: DES | H90: HVE
A91: GBN | B91: Brunei Darussa | C91: 330 | D91: Articulated Haulers | E91: Articulated Haulers | F91: DES | H91: HVE
A92: GBN | B92: Brunei Darussa | C92: 410 | D92: Backhoe Loaders | E92: Backhoe Loaders | F92: DES
A93: GBN | B93: Brunei Darussa | C93: 300 | D93: Compact Excavators | E93: CEX | F93: DES | H93: HVE
A94: GBN | B94: Brunei Darussa | C94: 350 | D94: Compact Wheel Loaders | E94: WLO | F94: DES | H94: HVE
A95: GBN | B95: Brunei Darussa | C95: 310 | D95: GPE Crawler Excavators | E95: GEC | F95: DES | H95: HVE
A96: GBN | B96: Brunei Darussa | C96: 320 | D96: GPE Wheel Excavators | E96: GEW | F96: DES | H96: HVE
A97: GBN | B97: Brunei Darussa | C97: 360 | D97: GPE Wheel Loaders | E97: WLO | F97: DES | H97: HVE
A98: GBN | B98: Brunei Darussa | C98: 380 | D98: Motor Graders | E98: Motor Graders | F98: DES | H98: HVE
A99: GBN | B99: Brunei Darussa | C99: 390 | D99: Compaction Machines | E99: Compaction Machines | F99: DES
A100: GBN | B100: Brunei Darussa | C100: 340 | D100: Rigid Haulers | E100: Rigid Haulers | F100: DES | H100: HVE
...

Sheet reporter list
A1: calendar | B1: source | C1: source_code | D1: machine_line | E1: machine_code | F1: Artificial machine line | G1: brand_name | H1: brand_code
A2: 2024 | B2: Abimaq | C2: ABQ | D2: Compact Excavators | E2: CEX | F2: CEX | G2: Bobcat | H2: BOB
A3: 2024 | B3: Abimaq | C3: ABQ | D3: Compact Excavators | E3: CEX | F3: CEX | G3: Case | H3: CAS
A4: 2024 | B4: Abimaq | C4: ABQ | D4: GPE Excavators Crawled | E4: GEC | F4: GEC | G4: CASE | H4: CAS
A5: 2024 | B5: Abimaq | C5: ABQ | D5: Wheel Loaders | E5: WLO | F5: WLO | G5: CASE | H5: CAS
A6: 2024 | B6: Abimaq | C6: ABQ | D6: Motor Graders | E6: 380 | F6: Motor Graders | G6: CASE | H6: CAS
A7: 2024 | B7: Abimaq | C7: ABQ | D7: Compact Excavators | E7: CEX | F7: CEX | G7: Caterpillar | H7: CAT
A8: 2024 | B8: Abimaq | C8: ABQ | D8: GPE Excavators Crawled | E8: GEC | F8: GEC | G8: Caterpillar | H8: CAT
A9: 2024 | B9: Abimaq | C9: ABQ | D9: Wheel Loaders | E9: WLO | F9: WLO | G9: Caterpillar | H9: CAT
A10: 2024 | B10: Abimaq | C10: ABQ | D10: Motor Graders | E10: 380 | F10: Motor Graders | G10: Caterpillar | H10: CAT
A11: 2024 | B11: Abimaq | C11: ABQ | D11: Compact Excavators | E11: CEX | F11: CEX | G11: Develon | H11: DOO
A12: 2024 | B12: Abimaq | C12: ABQ | D12: GPE Excavators Crawled | E12: GEC | F12: GEC | G12: Develon | H12: DOO
A13: 2024 | B13: Abimaq | C13: ABQ | D13: Wheel Loaders | E13: WLO | F13: WLO | G13: Develon | H13: DOO
A14: 2024 | B14: Abimaq | C14: ABQ | D14: Compact Excavators | E14: CEX | F14: CEX | G14: Hyundai | H14: HYU
A15: 2024 | B15: Abimaq | C15: ABQ | D15: GPE Excavators Crawled | E15: GEC | F15: GEC | G15: Hyundai | H15: HYU
A16: 2024 | B16: Abimaq | C16: ABQ | D16: Wheel Loaders | E16: WLO | F16: WLO | G16: Hyundai | H16: HYU
A17: 2024 | B17: Abimaq | C17: ABQ | D17: Motor Graders | E17: 380 | F17: Motor Graders | G17: Hyundai | H17: HYU
A18: 2024 | B18: Abimaq | C18: ABQ | D18: Compact Excavators | E18: CEX | F18: CEX | G18: JCB | H18: JCB
A19: 2024 | B19: Abimaq | C19: ABQ | D19: GPE Excavators Crawled | E19: GEC | F19: GEC | G19: JCB | H19: JCB
A20: 2024 | B20: Abimaq | C20: ABQ | D20: Wheel Loaders | E20: WLO | F20: WLO | G20: JCB | H20: JCB
A21: 2024 | B21: Abimaq | C21: ABQ | D21: GPE Excavators Crawled | E21: GEC | F21: GEC | G21: Deere | H21: JOH
A22: 2024 | B22: Abimaq | C22: ABQ | D22: Wheel Loaders | E22: WLO | F22: WLO | G22: Deere | H22: JOH
A23: 2024 | B23: Abimaq | C23: ABQ | D23: Motor Graders | E23: 380 | F23: Motor Graders | G23: Deere | H23: JOH
A24: 2024 | B24: Abimaq | C24: ABQ | D24: Compact Excavators | E24: CEX | F24: CEX | G24: Komatsu | H24: KOM
A25: 2024 | B25: Abimaq | C25: ABQ | D25: GPE Excavators Crawled | E25: GEC | F25: GEC | G25: Komatsu | H25: KOM
A26: 2024 | B26: Abimaq | C26: ABQ | D26: Wheel Loaders | E26: WLO | F26: WLO | G26: Komatsu | H26: KOM
A27: 2024 | B27: Abimaq | C27: ABQ | D27: Motor Graders | E27: 380 | F27: Motor Graders | G27: Komatsu | H27: KOM
A28: 2024 | B28: Abimaq | C28: ABQ | D28: GPE Excavators Crawled | E28: GEC | F28: GEC | G28: Liebherr | H28: LIE
A29: 2024 | B29: Abimaq | C29: ABQ | D29: Wheel Loaders | E29: WLO | F29: WLO | G29: Liebherr | H29: LIE
A30: 2024 | B30: Abimaq | C30: ABQ | D30: Compact Excavators | E30: CEX | F30: CEX | G30: Linkbelt | H30: LIK
A31: 2024 | B31: Abimaq | C31: ABQ | D31: GPE Excavators Crawled | E31: GEC | F31: GEC | G31: Linkbelt | H31: LIK
A32: 2024 | B32: Abimaq | C32: ABQ | D32: Compact Excavators | E32: CEX | F32: CEX | G32: Liugong | H32: LIU
A33: 2024 | B33: Abimaq | C33: ABQ | D33: Compact Wheel Loaders | E33: 350 | F33: WLO | G33: Liugong | H33: LIU
A34: 2024 | B34: Abimaq | C34: ABQ | D34: GPE Excavators Crawled | E34: GEC | F34: GEC | G34: Liugong | H34: LIU
A35: 2024 | B35: Abimaq | C35: ABQ | D35: Wheel Loaders | E35: WLO | F35: WLO | G35: Liugong | H35: LIU
A36: 2024 | B36: Abimaq | C36: ABQ | D36: Motor Graders | E36: 380 | F36: Motor Graders | G36: Liugong | H36: LIU
A37: 2024 | B37: Abimaq | C37: ABQ | D37: Compact Excavators | E37: CEX | F37: CEX | G37: Muller | H37: MUU
A38: 2024 | B38: Abimaq | C38: ABQ | D38: Compact Excavators | E38: CEX | F38: CEX | G38: New Holland | H38: NEW
A39: 2024 | B39: Abimaq | C39: ABQ | D39: GPE Excavators Crawled | E39: GEC | F39: GEC | G39: New Holland | H39: NEW
A40: 2024 | B40: Abimaq | C40: ABQ | D40: Wheel Loaders | E40: WLO | F40: WLO | G40: New Holland | H40: NEW
A41: 2024 | B41: Abimaq | C41: ABQ | D41: Motor Graders | E41: 380 | F41: Motor Graders | G41: New Holland | H41: NEW
A42: 2024 | B42: Abimaq | C42: ABQ | D42: Compact Excavators | E42: CEX | F42: CEX | G42: Sany | H42: SNY
A43: 2024 | B43: Abimaq | C43: ABQ | D43: GPE Excavators Crawled | E43: GEC | F43: GEC | G43: Sany | H43: SNY
A44: 2024 | B44: Abimaq | C44: ABQ | D44: Wheel Loaders | E44: WLO | F44: WLO | G44: Sany | H44: SNY
A45: 2024 | B45: Abimaq | C45: ABQ | D45: Motor Graders | E45: 380 | F45: Motor Graders | G45: Sany | H45: SNY
A46: 2024 | B46: Abimaq | C46: ABQ | D46: Compact Excavators | E46: CEX | F46: CEX | G46: SDLG | H46: LIN
A47: 2024 | B47: Abimaq | C47: ABQ | D47: Compact Wheel Loaders | E47: 350 | F47: WLO | G47: SDLG | H47: LIN
A48: 2024 | B48: Abimaq | C48: ABQ | D48: GPE Excavators Crawled | E48: GEC | F48: GEC | G48: SDLG | H48: LIN
A49: 2024 | B49: Abimaq | C49: ABQ | D49: Wheel Loaders | E49: WLO | F49: WLO | G49: SDLG | H49: LIN
A50: 2024 | B50: Abimaq | C50: ABQ | D50: Motor Graders | E50: 380 | F50: Motor Graders | G50: SDLG | H50: LIN
A51: 2024 | B51: Abimaq | C51: ABQ | D51: Compact Wheel Loaders | E51: 350 | F51: WLO | G51: SEM | H51: SEM
A52: 2024 | B52: Abimaq | C52: ABQ | D52: Wheel Loaders | E52: WLO | F52: WLO | G52: SEM | H52: SEM
A53: 2024 | B53: Abimaq | C53: ABQ | D53: Motor Graders | E53: 380 | F53: Motor Graders | G53: SEM | H53: SEM
A54: 2024 | B54: Abimaq | C54: ABQ | D54: Compact Excavators | E54: CEX | F54: CEX | G54: Volvo | H54: VCE
A55: 2024 | B55: Abimaq | C55: ABQ | D55: Compact Wheel Loaders | E55: 350 | F55: WLO | G55: Volvo | H55: VCE
A56: 2024 | B56: Abimaq | C56: ABQ | D56: GPE Excavators Crawled | E56: GEC | F56: GEC | G56: Volvo | H56: VCE
A57: 2024 | B57: Abimaq | C57: ABQ | D57: Wheel Loaders | E57: WLO | F57: WLO | G57: Volvo | H57: VCE
A58: 2024 | B58: Abimaq | C58: ABQ | D58: Compact Excavators | E58: CEX | F58: CEX | G58: XCMG | H58: XCM
A59: 2024 | B59: Abimaq | C59: ABQ | D59: GPE Excavators Crawled | E59: GEC | F59: GEC | G59: XCMG | H59: XCM
A60: 2024 | B60: Abimaq | C60: ABQ | D60: Wheel Loaders | E60: WLO | F60: WLO | G60: XCMG | H60: XCM
A61: 2024 | B61: Abimaq | C61: ABQ | D61: Motor Graders | E61: 380 | F61: Motor Graders | G61: XCMG | H61: XCM
A62: 2024 | B62: Abimaq | C62: ABQ | D62: Compact Excavators | E62: CEX | F62: CEX | G62: Yanmar | H62: YAN
A63: 2024 | B63: CECE | C63: CEE | D63: Wheel Loaders | E63: WLO | F63: WLO | G63: Atlas Weyhausen | H63: ATW
A64: 2024 | B64: CECE | C64: CEE | D64: Wheel Loaders | E64: WLO | F64: WLO | G64: Bobcat | H64: BOB
A65: 2024 | B65: CECE | C65: CEE | D65: Compact Excavators | E65: CEX | F65: CEX | G65: Bobcat | H65: BOB
A66: 2024 | B66: CECE | C66: CEE | D66: GPE Excavators Wheeled | E66: GEW | F66: GEW | G66: Bobcat | H66: BOB
A67: 2024 | B67: CECE | C67: CEE | D67: GPE Excavators Crawled | E67: GEC | F67: GEC | G67: Bobcat | H67: BOB
A68: 2024 | B68: CECE | C68: CEE | D68: Wheel Loaders | E68: WLO | F68: WLO | G68: Case | H68: CAS
A69: 2024 | B69: CECE | C69: CEE | D69: Compact Excavators | E69: CEX | F69: CEX | G69: Case | H69: CAS
A70: 2024 | B70: CECE | C70: CEE | D70: GPE Excavators Crawled | E70: GEC | F70: GEC | G70: Case | H70: CAS
A71: 2024 | B71: CECE | C71: CEE | D71: Motor Graders | E71: 380 | F71: Motor Graders | G71: Case | H71: CAS
A72: 2024 | B72: CECE | C72: CEE | D72: GPE Excavators Wheeled | E72: GEW | F72: GEW | G72: Case | H72: CAS
A73: 2024 | B73: CECE | C73: CEE | D73: Wheel Loaders | E73: WLO | F73: WLO | G73: Caterpillar | H73: CAT
A74: 2024 | B74: CECE | C74: CEE | D74: Compact Excavators | E74: CEX | F74: CEX | G74: Caterpillar | H74: CAT
A75: 2024 | B75: CECE | C75: CEE | D75: GPE Excavators Crawled | E75: GEC | F75: GEC | G75: Caterpillar | H75: CAT
A76: 2024 | B76: CECE | C76: CEE | D76: Articulated Haulers | E76: 330 | F76: Articulated Haulers | G76: Caterpillar | H76: CAT
A77: 2024 | B77: CECE | C77: CEE | D77: Motor Graders | E77: 380 | F77: Motor Graders | G77: Caterpillar | H77: CAT
A78: 2024 | B78: CECE | C78: CEE | D78: Rigid Haulers | E78: 340 | F78: Rigid Haulers | G78: Caterpillar | H78: CAT
A79: 2024 | B79: CECE | C79: CEE | D79: GPE Excavators Wheeled | E79: GEW | F79: GEW | G79: Caterpillar | H79: CAT
A80: 2024 | B80: CECE | C80: CEE | D80: Wheel Loaders | E80: WLO | F80: WLO | G80: Claas | H80: CLA
A81: 2024 | B81: CECE | C81: CEE | D81: Wheel Loaders | E81: WLO | F81: WLO | G81: Cukurova | H81: CUK
A82: 2024 | B82: CECE | C82: CEE | D82: Compact Excavators | E82: CEX | F82: CEX | G82: Cukurova | H82: CUK
A83: 2024 | B83: CECE | C83: CEE | D83: GPE Excavators Crawled | E83: GEC | F83: GEC | G83: Cukurova | H83: CUK
A84: 2024 | B84: CECE | C84: CEE | D84: GPE Excavators Wheeled | E84: GEW | F84: GEW | G84: Cukurova | H84: CUK
A85: 2024 | B85: CECE | C85: CEE | D85: Wheel Loaders | E85: WLO | F85: WLO | G85: Develon | H85: DOO
A86: 2024 | B86: CECE | C86: CEE | D86: Compact Excavators | E86: CEX | F86: CEX | G86: Develon | H86: DOO
A87: 2024 | B87: CECE | C87: CEE | D87: GPE Excavators Crawled | E87: GEC | F87: GEC | G87: Develon | H87: DOO
A88: 2024 | B88: CECE | C88: CEE | D88: Motor Graders | E88: 380 | F88: Motor Graders | G88: Develon | H88: DOO
A89: 2024 | B89: CECE | C89: CEE | D89: Articulated Haulers | E89: 330 | F89: Articulated Haulers | G89: Develon | H89: DOO
A90: 2024 | B90: CECE | C90: CEE | D90: GPE Excavators Wheeled | E90: GEW | F90: GEW | G90: Develon | H90: DOO
A91: 2024 | B91: CECE | C91: CEE | D91: Compact Excavators | E91: CEX | F91: CEX | G91: Eurocomach | H91: EUR
A92: 2024 | B92: CECE | C92: CEE | D92: GPE Excavators Crawled | E92: GEC | F92: GEC | G92: Eurocomach | H92: EUR
A93: 2024 | B93: CECE | C93: CEE | D93: Wheel Loaders | E93: WLO | F93: WLO | G93: Gehl | H93: GEH
A94: 2024 | B94: CECE | C94: CEE | D94: Wheel Loaders | E94: WLO | F94: WLO | G94: Hidromek | H94: HID
A95: 2024 | B95: CECE | C95: CEE | D95: Compact Excavators | E95: CEX | F95: CEX | G95: Hidromek | H95: HID
A96: 2024 | B96: CECE | C96: CEE | D96: GPE Excavators Crawled | E96: GEC | F96: GEC | G96: Hidromek | H96: HID
A97: 2024 | B97: CECE | C97: CEE | D97: Motor Graders | E97: 380 | F97: Motor Graders | G97: Hidromek | H97: HID
A98: 2024 | B98: CECE | C98: CEE | D98: GPE Excavators Wheeled | E98: GEW | F98: GEW | G98: Hidromek | H98: HID
A99: 2024 | B99: CECE | C99: CEE | D99: Wheel Loaders | E99: WLO | F99: WLO | G99: Hitachi | H99: HIT
A100: 2024 | B100: CECE | C100: CEE | D100: Compact Excavators | E100: CEX | F100: CEX | G100: Hitachi | H100: HIT
...

Sheet souce matrix 2024 TMC
A1: Country Grouping | B1: Country | D1: Machine Line | E1: Primary Source | F1: Secondary source | G1: CRP source | H1: Change Indicator
A2: EUC | B2: Rest of Europe Central | C2: 300 | D2: Compact Excavators | E2: FIL | G2: CEE
A3: EUC | B3: Rest of Europe Central | C3: 310 | D3: GPE Crawler Excavators | E3: FIL | G3: CEE
A4: EUC | B4: Rest of Europe Central | C4: 320 | D4: GPE Wheel Excavators | E4: FIL | G4: CEE
A5: EUC | B5: Rest of Europe Central | C5: 330 | D5: Articulated Haulers | E5: FIL | G5: CEE
A6: EUC | B6: Rest of Europe Central | C6: 340 | D6: Rigid Haulers | E6: FIL | G6: CEE
A7: EUC | B7: Rest of Europe Central | C7: 350 | D7: Compact Wheel Loaders | E7: FIL | G7: CEE
A8: EUC | B8: Rest of Europe Central | C8: 360 | D8: GPE Wheel Loaders | E8: FIL | G8: CEE
A9: EUC | B9: Rest of Europe Central | C9: 380 | D9: Motor Graders | E9: FIL | G9: CEE
A10: EUC | B10: Rest of Europe Central | C10: 390 | D10: Compaction Machines | E10: FIL
A11: EUC | B11: Rest of Europe Central | C11: 400 | D11: Paving Machines | E11: FIL | G11: HVE
A12: EUC | B12: Rest of Europe Central | C12: 410 | D12: Backhoe Loaders | E12: FIL | G12: CEE
A13: EUC | B13: Rest of Europe Central | C13: 420 | D13: Skid Steer Loaders | E13: FIL
A14: EUNW | B14: Rest of Europe North | C14: 300 | D14: Compact Excavators | E14: FIL | G14: CEE
A15: EUNW | B15: Rest of Europe North | C15: 310 | D15: GPE Crawler Excavators | E15: FIL | G15: CEE
A16: EUNW | B16: Rest of Europe North | C16: 320 | D16: GPE Wheel Excavators | E16: FIL | G16: CEE
A17: EUNW | B17: Rest of Europe North | C17: 330 | D17: Articulated Haulers | E17: FIL | G17: CEE
A18: EUNW | B18: Rest of Europe North | C18: 340 | D18: Rigid Haulers | E18: FIL | G18: CEE
A19: EUNW | B19: Rest of Europe North | C19: 350 | D19: Compact Wheel Loaders | E19: FIL | G19: CEE
A20: EUNW | B20: Rest of Europe North | C20: 360 | D20: GPE Wheel Loaders | E20: FIL | G20: CEE
A21: EUNW | B21: Rest of Europe North | C21: 380 | D21: Motor Graders | E21: FIL | G21: CEE
A22: EUNW | B22: Rest of Europe North | C22: 390 | D22: Compaction Machines | E22: FIL
A23: EUNW | B23: Rest of Europe North | C23: 400 | D23: Paving Machines | E23: FIL | G23: HVE
A24: EUNW | B24: Rest of Europe North | C24: 410 | D24: Backhoe Loaders | E24: FIL | G24: CEE
A25: EUNW | B25: Rest of Europe North | C25: 420 | D25: Skid Steer Loaders | E25: FIL
A26: EUS | B26: Rest of Europe South | C26: 300 | D26: Compact Excavators | E26: FIL | G26: CEE
A27: EUS | B27: Rest of Europe South | C27: 310 | D27: GPE Crawler Excavators | E27: FIL | G27: CEE
A28: EUS | B28: Rest of Europe South | C28: 320 | D28: GPE Wheel Excavators | E28: FIL | G28: CEE
A29: EUS | B29: Rest of Europe South | C29: 330 | D29: Articulated Haulers | E29: FIL | G29: CEE
A30: EUS | B30: Rest of Europe South | C30: 340 | D30: Rigid Haulers | E30: FIL | G30: CEE
A31: EUS | B31: Rest of Europe South | C31: 350 | D31: Compact Wheel Loaders | E31: FIL | G31: CEE
A32: EUS | B32: Rest of Europe South | C32: 360 | D32: GPE Wheel Loaders | E32: FIL | G32: CEE
A33: EUS | B33: Rest of Europe South | C33: 380 | D33: Motor Graders | E33: FIL | G33: CEE
A34: EUS | B34: Rest of Europe South | C34: 390 | D34: Compaction Machines | E34: FIL
A35: EUS | B35: Rest of Europe South | C35: 400 | D35: Paving Machines | E35: FIL | G35: HVE
A36: EUS | B36: Rest of Europe South | C36: 410 | D36: Backhoe Loaders | E36: FIL | G36: CEE
A37: EUS | B37: Rest of Europe South | C37: 420 | D37: Skid Steer Loaders | E37: FIL
A38: GAE | B38: UAE | C38: 300 | D38: Compact Excavators | E38: FIL | G38: HVE
A39: GAE | B39: UAE | C39: 310 | D39: GPE Crawler Excavators | E39: FIL | G39: HVE
A40: GAE | B40: UAE | C40: 320 | D40: GPE Wheel Excavators | E40: FIL | G40: HVE
A41: GAE | B41: UAE | C41: 330 | D41: Articulated Haulers | E41: FIL | G41: HVE
A42: GAE | B42: UAE | C42: 340 | D42: Rigid Haulers | E42: FIL | G42: HVE
A43: GAE | B43: UAE | C43: 350 | D43: Compact Wheel Loaders | E43: FIL | G43: HVE
A44: GAE | B44: UAE | C44: 360 | D44: GPE Wheel Loaders | E44: FIL | G44: HVE
A45: GAE | B45: UAE | C45: 380 | D45: Motor Graders | E45: FIL | G45: HVE
A46: GAE | B46: UAE | C46: 390 | D46: Compaction Machines | E46: FIL
A47: GAE | B47: UAE | C47: 400 | D47: Paving Machines | E47: FIL | G47: HVE
A48: GAE | B48: UAE | C48: 410 | D48: Backhoe Loaders | E48: FIL | G48: HVE
A49: GAE | B49: UAE | C49: 420 | D49: Skid Steer Loaders | E49: FIL
A50: GAR | B50: Argentina | C50: 300 | D50: Compact Excavators | E50: FIL | G50: HVE
A51: GAR | B51: Argentina | C51: 310 | D51: GPE Crawler Excavators | E51: FIL | G51: HVE
A52: GAR | B52: Argentina | C52: 320 | D52: GPE Wheel Excavators | E52: FIL | G52: HVE
A53: GAR | B53: Argentina | C53: 330 | D53: Articulated Haulers | E53: FIL | G53: HVE
A54: GAR | B54: Argentina | C54: 340 | D54: Rigid Haulers | E54: FIL | G54: HVE
A55: GAR | B55: Argentina | C55: 350 | D55: Compact Wheel Loaders | E55: FIL | G55: HVE
A56: GAR | B56: Argentina | C56: 360 | D56: GPE Wheel Loaders | E56: FIL | G56: HVE
A57: GAR | B57: Argentina | C57: 380 | D57: Motor Graders | E57: FIL | G57: HVE
A58: GAR | B58: Argentina | C58: 390 | D58: Compaction Machines | E58: FIL
A59: GAR | B59: Argentina | C59: 400 | D59: Paving Machines | E59: FIL | G59: HVE
A60: GAR | B60: Argentina | C60: 410 | D60: Backhoe Loaders | E60: FIL | G60: HVE
A61: GAR | B61: Argentina | C61: 420 | D61: Skid Steer Loaders | E61: FIL
A62: GAT | B62: Austria | C62: 300 | D62: Compact Excavators | E62: FIL | G62: CEE
A63: GAT | B63: Austria | C63: 310 | D63: GPE Crawler Excavators | E63: FIL | G63: CEE
A64: GAT | B64: Austria | C64: 320 | D64: GPE Wheel Excavators | E64: FIL | G64: CEE
A65: GAT | B65: Austria | C65: 330 | D65: Articulated Haulers | E65: FIL | G65: CEE
A66: GAT | B66: Austria | C66: 340 | D66: Rigid Haulers | E66: FIL | G66: CEE
A67: GAT | B67: Austria | C67: 350 | D67: Compact Wheel Loaders | E67: FIL | G67: CEE
A68: GAT | B68: Austria | C68: 360 | D68: GPE Wheel Loaders | E68: FIL | G68: CEE
A69: GAT | B69: Austria | C69: 380 | D69: Motor Graders | E69: FIL | G69: CEE
A70: GAT | B70: Austria | C70: 390 | D70: Compaction Machines | E70: FIL
A71: GAT | B71: Austria | C71: 400 | D71: Paving Machines | E71: FIL | G71: HVE
A72: GAT | B72: Austria | C72: 410 | D72: Backhoe Loaders | E72: FIL | G72: CEE
A73: GAT | B73: Austria | C73: 420 | D73: Skid Steer Loaders | E73: FIL
A74: GAU | B74: Australia | C74: 300 | D74: Compact Excavators | E74: FIL | G74: HVE
A75: GAU | B75: Australia | C75: 310 | D75: GPE Crawler Excavators | E75: FIL | G75: HVE
A76: GAU | B76: Australia | C76: 320 | D76: GPE Wheel Excavators | E76: FIL | G76: HVE
A77: GAU | B77: Australia | C77: 330 | D77: Articulated Haulers | E77: FIL | G77: HVE
A78: GAU | B78: Australia | C78: 340 | D78: Rigid Haulers | E78: FIL | G78: HVE
A79: GAU | B79: Australia | C79: 350 | D79: Compact Wheel Loaders | E79: FIL | G79: HVE
A80: GAU | B80: Australia | C80: 360 | D80: GPE Wheel Loaders | E80: FIL | G80: HVE
A81: GAU | B81: Australia | C81: 380 | D81: Motor Graders | E81: FIL | G81: HVE
A82: GAU | B82: Australia | C82: 390 | D82: Compaction Machines | E82: FIL
A83: GAU | B83: Australia | C83: 400 | D83: Paving Machines | E83: FIL | G83: HVE
A84: GAU | B84: Australia | C84: 410 | D84: Backhoe Loaders | E84: FIL | G84: HVE
A85: GAU | B85: Australia | C85: 420 | D85: Skid Steer Loaders | E85: FIL
A86: GBD | B86: Bangladesh | C86: 300 | D86: Compact Excavators | E86: FIL | G86: HVE
A87: GBD | B87: Bangladesh | C87: 310 | D87: GPE Crawler Excavators | E87: FIL | G87: HVE
A88: GBD | B88: Bangladesh | C88: 320 | D88: GPE Wheel Excavators | E88: FIL | G88: HVE
A89: GBD | B89: Bangladesh | C89: 330 | D89: Articulated Haulers | E89: FIL | G89: HVE
A90: GBD | B90: Bangladesh | C90: 340 | D90: Rigid Haulers | E90: FIL | G90: HVE
A91: GBD | B91: Bangladesh | C91: 350 | D91: Compact Wheel Loaders | E91: FIL | G91: HVE
A92: GBD | B92: Bangladesh | C92: 360 | D92: GPE Wheel Loaders | E92: FIL | G92: HVE
A93: GBD | B93: Bangladesh | C93: 380 | D93: Motor Graders | E93: FIL | G93: HVE
A94: GBD | B94: Bangladesh | C94: 390 | D94: Compaction Machines | E94: FIL
A95: GBD | B95: Bangladesh | C95: 400 | D95: Paving Machines | E95: FIL | G95: HVE
A96: GBD | B96: Bangladesh | C96: 410 | D96: Backhoe Loaders | E96: FIL | G96: HVE
A97: GBD | B97: Bangladesh | C97: 420 | D97: Skid Steer Loaders | E97: FIL
A98: GBE | B98: Belgium | C98: 300 | D98: Compact Excavators | E98: FIL | G98: CEE
A99: GBE | B99: Belgium | C99: 310 | D99: GPE Crawler Excavators | E99: FIL | G99: CEE
A100: GBE | B100: Belgium | C100: 320 | D100: GPE Wheel Excavators | E100: FIL | G100: CEE
...
